,Gene_ID,Reactions
0,[],"['EX_asn-L(e)', 'EX_btn(e)', 'GLNtm_Neuron', 'EX_acald(e)', 'EX_bhb(e)', 'EX_ala-B(e)', 'THFtm', 'EX_leu-L(e)', '7DHFtm', 'O2Stm_Neuron', 'Ht_Int', '7THFtm', 'DM_thf(c)_Neuron', 'EX_co2(e)', '3SPYRSPm', 'EX_crn(e)', 'DM_ahcys_Neuron', '25HVITD2tin_m_Neuron', 'DCKm_Neuron', 'EX_cyan(e)', 'DGKm_Neuron', '5THFtm_Neuron', '25HVITD2tm_Neuron', 'EX_cys-L(e)', 'THFtm_Neuron', 'Kt1r_Int', 'EX_duri(e)', 'BALAtmr', 'DM_10fthf7glu_Neuron', '25HVITD3t_Neuron', 'VITD2tm', 'EX_etoh(e)', '4HBZCOAFm', '25HVITD3tin_Neuron', 'GLYCt_Neuron', 'EX_fe2(e)', 'AACTtm', 'GLYCtm_Neuron', 'ETOHt', 'DM_10fthf6glu_Neuron', '25HVITD3tin_m_Neuron', 'EX_glc(e)', '4ABUTtm', 'BHBt', 'DM_10fthf5glu_Neuron', 'FALDtm', 'VITD3tm', 'BETALDHxm', '6DHFtm_Neuron', 'EX_gln-L(e)', '25HVITD3tm_Neuron', 'DTKm_Neuron', 'EX_NACASPt_Int', 'DDPGAm', '6THFtm_Neuron', '5AOPtm', 'DM_5thf_Neuron', 'EX_glu-L(e)', 'VITD3tm3', 'ACALDtm', 'SERtm_Neuron', '7DHFtm_Neuron', 'EX_gly(e)', 'ACALDt', 'DM_6dhf_Neuron', 'CYANtm_Neuron', '7THFtm_Neuron', 'EX_glyc(e)', 'DM_6thf_Neuron', '3AIBt_Neuron', 'DM_4mptnl(m)_Neuron', 'DDPGAm_Neuron', '4HBZFm', 'DM_7dhf_Neuron', 'DTKm', 'EX_h(e)', 'PPAt_Int', 'O2t_Neuron', 'DM_7thf_Neuron', 'MTDNAploym', 'EX_h2o(e)', 'DECDPtm', 'MTDNAdpolym', 'EX_h2o2(e)', 'DM_atp(c)_Neuron', 'NACASPtm_Neuron', 'EX_hco3(e)', 'AOBUTDsm', 'CDPDAGtm', 'BHBtm_Neuron', 'NACASPt_Neuron', 'VALt5m', 'O2St_Int', 'EX_ile-L(e)', 'BHBtm', 'DGSNt', 'FE2tm', 'AACTtm_Neuron', 'FORt2m', 'EX_k(e)', 'DM_pheme(c)_Neuron', 'CYANt_Neuron', 'CHSTEROLt3', 'DM_fald_Neuron', 'O2tm_Neuron', 'EX_lac-D(e)', 'DM_4mptnl(m)', 'SERtm', 'EX_lac-L(e)', 'ACt2r', 'APOC_LYS_BTNPm', 'DM_for_Neuron', '34HPLFM_Neuron', '5THFtm', 'DM_q10(m)_Neuron', 'O2t_Int', 'DGKm', '6DHFtm', 'DHFtm', 'DCKm', 'DGSNtm', 'EX_lys-L(e)', 'ACt2m', '6THFtm', 'APOCFm', 'EX_pe_hs(e)_Neuron', '25HVITD2tin_Int', '10FTHF6GLUtm', 'EX_nh4(e)', 'EX_o2(e)', 'EX_na1(e)', 'ADCim', 'EX_o2s(e)', 'LEUt5m_Neuron', 'CO2t_Neuron', 'EX_orn(e)', 'EX_pe_hs(e)', '25HVITD3t_Int', 'SARCStex_Int', 'EX_pi(e)', '25HVITD3tin_Int', 'DM_10fthf5glu', 'EX_ppa(e)', 'DM_ahcys', 'NaEX_Neuron', 'DM_10fthf7glu', 'DM_10fthf6glu', 'EX_pro-L(e)', '3AIBt_Int', 'APOC_LYS_BTNPm_Neuron', 'CDPDAGtm_Neuron', 'EX_ps_hs(e)', 'Ht_Neuron', 'DM_5thf', 'CO2tm_Neuron', 'EX_pyr(e)', 'ACt2m_Neuron', 'DM_6dhf', 'EX_sarcs(e)', 'O2St', 'PROtm', 'O2Stm', 'EX_ser-L(e)', 'ADCim_Neuron', 'ETOHt_Neuron', 'HCO3Em_Neuron', 'DM_7dhf', 'APOCFm_Neuron', 'EX_so4(e)', 'PPA2m', 'EX_tcynt(e)', 'DM_7thf', 'DM_atp(c)', 'PPAt', 'EX_ac(e)', 'EX_thymd(e)', 'ACALDt_Int', 'O2t', 'DM_6thf', 'EX_urea(e)', 'GLYtm_Neuron', 'ACt2r_Int', 'EX_uri(e)', 'O2tm', 'EX_val-L(e)', 'PPAtm', 'LSOProd_Neuron', 'sink_4hpro-LT(m)', 'ASPNATm_Neuron', 'ASNtm', 'sink_amet', 'DM_pheme(c)', 'DM_fald', 'CO2t_Int', 'sink_decdp', 'sink_dhf(c)', 'DM_for', 'sink_dmgly', 'DM_q10(m)', 'DM_thf(c)', 'PRGNLONEtm', 'BHBt_Int', 'sink_tyr-L(m)', 'EX_3aib(e)', '10FTHF5GLUtm', 'TCYNTt_Int', 'ASNtm_Neuron', 'GLNtm', 'PPPG9tm', 'EX_4abut(e)', 'EX_acac(e)', '10FTHF7GLUtm', 'AOBUTDsm_Neuron', 'DMGtm', '10FTHFtm', 'sink_4hpro-LT(m)_Neuron', 'sink_amet_Neuron', 'EX_ps_hs(e)_Neuron', 'CREATtmdiffir', 'DM_prgnlone(c)', 'sink_decdp_Neuron', 'sink_dhf(c)_Neuron', 'DM_nadph(c)', 'PPAtm_Neuron', 'sink_dmgly_Neuron', 'DM_atp(m)', 'sink_tyr-L(m)_Neuron', '10FTHF5GLUtm_Neuron', 'VALt5m_Neuron', 'sink_chsterol', '10FTHF6GLUtm_Neuron', 'DM_1a2425thvitd2', 'DURIt', 'CO2t', '10FTHF7GLUtm_Neuron', 'DHFtm_Neuron', 'H2O2t_Neuron', 'CO2tm', 'DM_1a2425thvitd3', '10FTHFtm_Neuron', 'sink_vitd3', 'VITD2tm_Neuron', 'sink_vitd2', 'DPHMBDCm', 'GLYtm', 'PPAt_Neuron', 'SARCStm_Neuron', 'VITD3tm_Neuron', 'SARCStex', '25HVITD2tin_Neuron', 'T4HCINNMFM', 'MTDNAdpolym_Neuron', 'SARCStm', 'TCYNTt', 'EX_arg-L(e)', 'DMGtm_Neuron', 'PCREATtmdiffir', 'VITD3tm3_Neuron', 'CHSTEROLt3_Neuron', 'H2O2t', 'MTDNAploym_Neuron', '25HVITD2t', 'LEUt5m', '25HVITD2tin', 'COUCOAFm', 'H2O2tm_Neuron', 'TCYNTtm', 'FE2tm_Neuron', 'LSOProd', '25HVITD3tin', '25HVITD2tin_m', 'GLYCt', '25HVITD3tin_m', '25HVITD2t_Neuron', '25HVITD2tm', 'H2O2tm', 'DM_pchol_hs', 'Kt1r_Neuron', 'GLYCtm', 'FALDtm_Neuron', '25HVITD2t_Int', 'FORt2m_Neuron', '25HVITD3t', 'ILEt5m_Neuron', 'PPA2m_Neuron', 'CREATtmdiffir_Neuron', '25HVITD3tm', 'DM_prgnlone(c)_Neuron', 'DGSNt_Neuron', 'BALAtmr_Neuron', 'DM_nadph(c)_Neuron', 'CYANt_Int', '3AIBtm_Neuron', 'DM_atp(m)_Neuron', 'T4HCINNMFM_Neuron', 'BHBt_Neuron', '3DPHBH1_Neuron', '3DPHBH2_Neuron', 'BETALDHxm_Neuron', 'ACALDt_Neuron', 'HCO3Em', 'PROtm_Neuron', 'CYANt', 'ILEt5m', 'TCYNTt_Neuron', 'sink_chsterol_Neuron', 'CYANtm', 'DM_1a2425thvitd2_Neuron', 'DM_1a2425thvitd3_Neuron', 'sink_vitd3_Neuron', 'sink_vitd2_Neuron', 'PPPG9tm_Neuron', 'COUCOAFm_Neuron', '34HPLFM', '4HBZFm_Neuron', 'PHEMEtm_Neuron', '3SPYRSPm_Neuron', 'ACALDtm_Neuron', 'DGSNt_Int', 'TCYNTtm_Neuron', 'PHCHGSm_Neuron', 'PRGNLONEtm_Neuron', 'PCREATtmdiffir_Neuron', 'DURIt_Int', '3AIBt', 'ETOHt_Int', 'DPHMBDCm_Neuron', '4HBZCOAFm_Neuron', 'DECDPtm_Neuron', 'DURIt_Neuron', '4ABUTtm_Neuron', '3AIBtm', 'HtrnsEX_Neuron', 'PHCHGSm', 'Kt1r', 'DGSNtm_Neuron', '3DPHBH1', 'Ht', 'PHEMEtm', 'H2O2t_Int', 'GLYCt_Int', '5AOPtm_Neuron', 'O2St_Neuron', '3DPHBH2', 'DM_pchol_hs_Neuron']"
1,1594,"['1a,24,25VITD2Hm_Neuron', '25VITD3Hm_Neuron', '1a,24,25VITD2Hm', '25VITD2Hm_Neuron', '1a,24,25VITD3Hm_Neuron', '25VITD2Hm', '25VITD3Hm', '1a,24,25VITD3Hm']"
2,1591,"['24,25VITD3Hm', '24,25VITD2Hm_Neuron', '24,25VITD2Hm', '1a,25VITD3Hm_Neuron', '1a,25VITD3Hm', '1a,25VITD2Hm_Neuron', '1a,25VITD2Hm', '24,25VITD3Hm_Neuron']"
3,89874,"['2AMADPTm_Neuron', '2OXOADPTm', '2AMADPTm', '2OXOADPTm_Neuron']"
4,8050,"['2OXOADOXm', 'AKGDm', 'AKGDm_Neuron', 'PDHm', 'PDHm_Neuron', '2OXOADOXm_Neuron']"
5,1738,"['AKGDm', 'OIVD3m', 'GCCbim', 'GCCcm', '2OXOADOXm_Neuron', 'GCC2cm', 'GCC2bim', 'GCCbim_Neuron', 'PDHm', 'OIVD2m', 'OIVD1m', 'AKGDm_Neuron', 'OIVD1m_Neuron', '2OXOADOXm', 'GCC2am_Neuron', 'GCC2am', 'GCC2cm_Neuron', 'OIVD3m_Neuron', 'GCC2bim_Neuron', 'PDHm_Neuron', 'OIVD2m_Neuron', 'GCCcm_Neuron', 'GCCam_Neuron', 'GCCam']"
6,4967,"['2OXOADOXm', 'AKGDm', '2OXOADOXm_Neuron', 'AKGDm_Neuron']"
7,1743,"['2OXOADOXm', 'AKGDm', '2OXOADOXm_Neuron', 'AKGDm_Neuron']"
8,18,"['ABTArm_Neuron', 'ABTArm', 'APAT2rm_Neuron', 'APAT2rm', '3AIBTm_Neuron', '3AIBTm']"
9,55268,"['3HBCDm', '3HBCDm_Neuron']"
10,26275,"['3HBCOAHLm', '3HBCOAHLm_Neuron']"
11,10165,"['ASPGLUm', 'GLUt2m', 'ASPGLUm_Neuron', '3SALAASPm_Neuron', '3SALAASPm', 'GLUt2m_Neuron']"
12,8604,"['ASPGLUm', 'GLUt2m', 'ASPGLUm_Neuron', '3SALAASPm_Neuron', '3SALAASPm', 'GLUt2m_Neuron']"
13,2806,"['3SALATAim_Neuron', 'LCYSTATm', 'PHETA1m_Neuron', 'EHGLATm_Neuron', 'CYSTAm_Neuron', 'ASPTAm', 'LCYSTATm_Neuron', 'TYRTAm_Neuron', 'CYSTAm', 'PHETA1m', 'ASPTAm_Neuron', 'EHGLAT2m', '3SALATAim', 'EHGLAT2m_Neuron', 'EHGLATm', 'TYRTAm']"
14,8659,"['GLACOm', 'LCADim_Neuron', 'LCADi_Dm', 'PHCDm_Neuron', 'ALDD20xm_Neuron', 'HPROxm', '5HOXINDACTOXm', 'BAMPPALDOXm', 'P5CDm_Neuron', 'GCALDDm_Neuron', 'PHCDm', 'IMACTD_m_Neuron', 'PYLALDOXm_Neuron', 'NABTNOm', 'LCADi_Dm_Neuron', '4HGLSDm', 'GLACOm_Neuron', 'HPROxm_Neuron', '4HGLSDm_Neuron', 'PYLALDOXm', 'LCADim', 'IMACTD_m', 'BAMPPALDOXm_Neuron', 'P5CDm', 'NABTNOm_Neuron', '5HOXINDACTOXm_Neuron', 'GCALDDm', 'ALDD20xm']"
15,219,"['GLACOm', 'LCADim_Neuron', 'LCADi_Dm', 'ALDD20xm_Neuron', '5HOXINDACTOXm', 'BAMPPALDOXm', 'GCALDDm_Neuron', 'IMACTD_m_Neuron', 'PYLALDOXm_Neuron', 'NABTNOm', 'LCADi_Dm_Neuron', 'GLACOm_Neuron', 'PYLALDOXm', 'ALDD2xm', 'LCADim', 'IMACTD_m', 'BAMPPALDOXm_Neuron', 'NABTNOm_Neuron', 'ALDD2xm_Neuron', '5HOXINDACTOXm_Neuron', 'GCALDDm', 'ALDD20xm']"
16,217,"['GLACOm', 'LCADim_Neuron', 'LCADi_Dm', 'ALDD20xm_Neuron', '5HOXINDACTOXm', 'BAMPPALDOXm', 'GCALDDm_Neuron', 'IMACTD_m_Neuron', 'PYLALDOXm_Neuron', 'NABTNOm', 'LCADi_Dm_Neuron', 'GLACOm_Neuron', 'PYLALDOXm', 'ALDD2xm', 'LCADim', 'IMACTD_m', 'BAMPPALDOXm_Neuron', 'NABTNOm_Neuron', 'ALDD2xm_Neuron', '5HOXINDACTOXm_Neuron', 'GCALDDm', 'ALDD20xm']"
17,65985,"['AACOAT_Neuron', 'AACOAT']"
18,8639,"['AACTOOR_Neuron', 'AACTOOR']"
19,60496,"['AASAD3m_Neuron', 'AASAD3m']"
20,51166,"['AATAi', 'AATAi_Neuron']"
21,206358,"['GLYt2r', 'GLYt2r_Int', 'PROt2r', 'PROt2r_Neuron', 'ABUTt2r_Int', 'ABUTt2r', 'PROt2r_Int', 'ABUTt2r_Neuron']"
22,38,"['ACACT10m_Neuron', 'ACACT10m', 'ACACT1rm', 'ACACT1rm_Neuron']"
23,39,"['ACACT1r_Neuron', 'ACACT1r']"
24,3030,"['ECOAH1m', 'T2M26DCOAHLm_Neuron', 'ECOAH9m', 'ACACT1rm_Neuron', 'PRPNCOAHYDm_Neuron', 'ECOAH12m_Neuron', 'C2M26DCOAHLm_Neuron', 'T2M26DCOAHLm', 'HACD1m', 'ECOAH12m', 'ACACT1rm', 'PRPNCOAHYDm', 'HACD1m_Neuron', 'C2M26DCOAHLm', 'ECOAH1m_Neuron', 'ECOAH9m_Neuron']"
25,3032,"['ECOAH1m', 'T2M26DCOAHLm_Neuron', 'ECOAH9m', 'ACACT1rm_Neuron', 'PRPNCOAHYDm_Neuron', 'ECOAH12m_Neuron', 'C2M26DCOAHLm_Neuron', 'T2M26DCOAHLm', 'HACD1m', 'ECOAH12m', 'ACACT1rm', 'PRPNCOAHYDm', 'HACD1m_Neuron', 'C2M26DCOAHLm', 'ECOAH1m_Neuron', 'ECOAH9m_Neuron']"
26,6566,"['PYRt2m', 'BTNt2_Neuron', 'D-LACt2_Neuron', 'D-LACt2_Int', 'L-LACt2r_Neuron', 'D-LACt2', 'PYRt2r_Int', 'ACACt2m_Neuron', 'PYRt2r', 'PYRt2r_Neuron', 'BTNt2m_Neuron', 'D-LACtm', 'D-LACtm_Neuron', 'ACACt2_Neuron', 'ACACt2_Int', 'L-LACtm', 'L-LACtm_Neuron', 'L-LACt2r_Int', 'L-LACt2r', 'BTNt2m', 'BTNt2_Int', 'PYRt2m_Neuron', 'ACACt2', 'ACACt2m', 'BTNt2']"
27,9194,"['L-LACtm_Neuron', 'ACACt2_Int', 'L-LACt2r_Int', 'D-LACt2_Int', 'D-LACt2_Neuron', 'L-LACt2r_Neuron', 'D-LACt2', 'L-LACt2r', 'PYRt2r_Int', 'PYRt2r', 'PYRt2r_Neuron', 'ACACt2', 'ACACt2_Neuron', 'L-LACtm']"
28,84532,"['ACCOALm_Neuron', 'ACCOALm', 'ACSm', 'ACSm_Neuron']"
29,34,"['ACOAD9m', 'ACOAD10m_Neuron', 'PPCOAOm_Neuron', 'PPCOAOm', 'ACOAD10m', 'ACOAD1fm_Neuron', 'ACOAD9m_Neuron', 'ACOAD1fm']"
30,36,"['ACOAD10m', 'ACOAD10m_Neuron', 'PPCOAOm_Neuron', 'ACOAD1fm_Neuron', 'PPCOAOm', 'ACOAD1fm']"
31,28976,"['PPCOAOm_Neuron', 'ACOAD1fm_Neuron', 'PPCOAOm', 'ACOAD1fm']"
32,80724,"['PPCOAOm_Neuron', 'ACOAD1fm_Neuron', 'PPCOAOm', 'ACOAD1fm']"
33,27034,"['ACOAD9m', 'PPCOAOm_Neuron', 'ACOAD1fm_Neuron', 'ACOAD9m_Neuron', 'PPCOAOm', 'ACOAD1fm']"
34,3712,"['ACOAD8m_Neuron', 'ACOAD8m']"
35,50,"['ACONTm_Neuron', 'ACONTm']"
36,788,"['C160CRNt_Neuron', 'C160CRNt', 'ACRNtm', 'CRNtim_Neuron', 'ACRNtm_Neuron', 'CRNtim']"
37,97,"['ACYP_Neuron', 'ACYP']"
38,203,"['ADK1', 'ADK1_Neuron']"
39,26289,"['ADK1', 'ADK1_Neuron']"
40,205,"['ADK1m_Neuron', 'ADK3m', 'ADK1m', 'ADK3m_Neuron']"
41,204,"['ADK1m_Neuron', 'ADK1m']"
42,50808,"['ADK3m_Neuron', 'DAKm_Neuron', 'DAKm', 'ADK3m']"
43,53343,"['ADPRDPm_Neuron', 'ADPRDPm']"
44,79814,"['AGMTm', 'AGMTm_Neuron']"
45,5832,"['GCALDDm_Neuron', 'GLU5Km_Neuron', 'LCADim_Neuron', 'AGPRim_Neuron', 'LCADi_Dm_Neuron', 'LCADi_Dm', 'LCADim', 'G5SDym', 'G5SDym_Neuron', 'GCALDDm', 'AGPRim', 'GLU5Km']"
46,64850,"['AGTim', 'AGTim_Neuron']"
47,8402,"['AKGMALtm', 'AKGMALtm_Neuron']"
48,23464,"['GLYATm', 'GLYATm_Neuron', 'ALASm_Neuron', 'ALASm']"
49,211,"['ALASm_Neuron', 'ALASm']"
50,126,"['ALCD2if_Neuron', 'ALCD2if']"
51,124,"['ALCD2if_Neuron', 'ALCD2if']"
52,128,"['ALCD2if_Neuron', 'ALCD2if']"
53,284273,"['ALCD2if_Neuron', 'ALCD2if']"
54,137872,"['ALCD2if_Neuron', 'ALCD2if']"
55,10327,"['ALCD2yf', 'ALCD2yf_Neuron']"
56,223,"['ALDD2y_Neuron', 'ALDD2x', 'ALDD2x_Neuron', 'ALDD2y']"
57,224,"['ALDD2y_Neuron', 'ALDD2x', 'ALDD2x_Neuron', 'ALDD2y']"
58,501,"['ALDD2x', 'ALDD2x_Neuron']"
59,8854,"['ALDD2y_Neuron', 'ALDD2x', 'ALDD2x_Neuron', 'ALDD2y']"
60,220,"['ALDD2x', 'ALDD2x_Neuron']"
61,216,"['ALDD2x', 'ALDD2x_Neuron']"
62,231,"['ALR_Neuron', 'ALR']"
63,115286,"['AMETt2m', 'AMETt2m_Neuron']"
64,113451,"['ARGDCm', 'ARGDCm_Neuron']"
65,9057,"['ARGLYSex_Int', 'ARGLYSex']"
66,6520,"['CYSGLYexR', 'SERGLYexR_Neuron', 'CYSGLYexR_Neuron', 'CYSGLUexR', 'SERGLYexR_Int', 'CYSGLUexR_Neuron', 'ARGLYSex_Int', 'SERGLNexR', 'SERGLNexR_Int', 'SERGLYexR', 'CYSGLUexR_Int', 'CYSGLYex_Int', 'SERGLNexR_Neuron', 'CYSGLYex', 'ARGLYSex']"
67,6541,"['ORNtiDF', 'LYStiDF', 'LYStiDF_Int', 'ORNtiDF_Neuron', 'LYStiDF_Neuron', 'ORNtiDF_Int', 'ARGtiDF', 'ARGtiDF_Neuron', 'ARGtiDF_Int']"
68,84889,"['ORNtiDF', 'LYStiDF', 'LYStiDF_Int', 'ORNtiDF_Neuron', 'LYStiDF_Neuron', 'ORNtiDF_Int', 'ARGtiDF', 'ARGtiDF_Neuron', 'ARGtiDF_Int']"
69,83884,"['ORNt3m', 'ORNt4m_Neuron', 'ARGtm', 'CITRtm_Neuron', 'LYStm_Neuron', 'ORNt3m_Neuron', 'ORNt4m', 'ARGtm_Neuron', 'LYStm', 'CITRtm']"
70,80150,"['ASNNm_Neuron', 'ASNNm']"
71,11254,"['ASNt4', 'SERt4', 'ASNt4_Int', 'ASNt4_Neuron', 'SERt4_Neuron', 'SERt4_Int']"
72,81539,"['ASNt4', 'SERt4', 'ASNt4_Int', 'ASNt4_Neuron', 'SERt4_Neuron', 'SERt4_Int']"
73,54407,"['ASNt4', 'SERt4', 'ASNt4_Int', 'ASNt4_Neuron', 'SERt4_Neuron', 'SERt4_Int']"
74,2805,"['ASPTA_Neuron', 'ASPTA']"
75,521,"['ATPS4m', 'ATPS4m_Neuron']"
76,9551,"['ATPS4m', 'ATPS4m_Neuron']"
77,10476,"['ATPS4m', 'ATPS4m_Neuron']"
78,515,"['ATPS4m', 'ATPS4m_Neuron']"
79,513,"['ATPS4m', 'ATPS4m_Neuron']"
80,498,"['ATPS4m', 'ATPS4m_Neuron']"
81,514,"['ATPS4m', 'ATPS4m_Neuron']"
82,516,"['ATPS4m', 'ATPS4m_Neuron']"
83,509,"['ATPS4m', 'ATPS4m_Neuron']"
84,10632,"['ATPS4m', 'ATPS4m_Neuron']"
85,4905,"['ATPS4m', 'ATPS4m_Neuron']"
86,506,"['ATPS4m', 'ATPS4m_Neuron']"
87,522,"['ATPS4m', 'ATPS4m_Neuron']"
88,292,"['ATPtm_Neuron', 'ATPtm']"
89,291,"['ATPtm_Neuron', 'ATPtm']"
90,293,"['ATPtm_Neuron', 'ATPtm']"
91,3141,"['BTNPLm', 'BTNPLm_Neuron', 'BACCLm_Neuron', 'BACCLm']"
92,140679,"['BALAVECSEC', 'BALAVECSEC_Neuron', 'BALAVECSEC_Int']"
93,622,"['BDHm', 'BDHm_Neuron']"
94,686,"['BTNDm_Neuron', 'BTNDm']"
95,80704,"['BTNt4i_Neuron', 'BTNt4i_Int', 'BTNt4i']"
96,1376,"['C226CPT2', 'C204CPT2_Neuron', 'C226CPT2_Neuron', 'C204CPT2', 'C160CPT2', 'C160CPT2_Neuron']"
97,549,"['ECOAH1m', 'T2M26DCOAHLm_Neuron', 'MGCHrm_Neuron', 'MGCHrm', 'PRPNCOAHYDm', 'PRPNCOAHYDm_Neuron', 'C2M26DCOAHLm_Neuron', 'C2M26DCOAHLm', 'ECOAH1m_Neuron', 'T2M26DCOAHLm']"
98,847,"['CATm', 'CATm_Neuron']"
99,166785,"['CBLATm_Neuron', 'CBLATm', 'CBL2tm_Neuron', 'CBL2tm']"
100,8760,"['CDSm', 'CDSm_Neuron']"
101,6576,"['CITtbm', 'CITtam', 'CITtbm_Neuron', 'CITtam_Neuron']"
102,1160,"['CK_Neuron', 'CK']"
103,1159,"['CK_Neuron', 'CK']"
104,51805,"['COQ3m_Neuron', 'DHDPBMTm', 'COQ3m', 'DHDPBMTm_Neuron']"
105,84274,"['COQ5m_Neuron', 'COQ5m']"
106,51004,"['COQ6m_Neuron', 'COQ6m']"
107,10229,"['COQ7m', 'COQ7m_Neuron']"
108,1371,"['CPPPGO_Neuron', 'CPPPGO']"
109,6584,"['CRNt_Neuron', 'CRNt', 'CRNt_Int']"
110,1384,"['CSNAT2m_Neuron', 'CSNATm_Neuron', 'CSNAT2m', 'CSNATm']"
111,1431,"['CSm', 'CSm_Neuron']"
112,7263,"['CYANSTm_Neuron', 'CYANSTm']"
113,84701,"['CYOOm2', 'CYOOm2_Neuron']"
114,1327,"['CYOOm2', 'CYOOm2_Neuron']"
115,341947?,"['CYOOm2', 'CYOOm2_Neuron']"
116,4514?,"['CYOOm2', 'CYOOm2_Neuron']"
117,1351,"['CYOOm2', 'CYOOm2_Neuron']"
118,1339?,"['CYOOm2', 'CYOOm2_Neuron']"
119,1329,"['CYOOm2', 'CYOOm2_Neuron']"
120,9377,"['CYOOm2', 'CYOOm2_Neuron']"
121,1347,"['CYOOm2', 'CYOOm2_Neuron']"
122,9167?,"['CYOOm2', 'CYOOm2_Neuron']"
123,1346?,"['CYOOm2', 'CYOOm2_Neuron']"
124,1337,"['CYOOm2', 'CYOOm2_Neuron']"
125,125965,"['CYOOm2', 'CYOOm2_Neuron']"
126,1350?,"['CYOOm2', 'CYOOm2_Neuron']"
127,1345,"['CYOOm2', 'CYOOm2_Neuron']"
128,1340,"['CYOOm2', 'CYOOm2_Neuron']"
129,4513,"['CYOOm2', 'CYOOm2_Neuron']"
130,170712,"['CYOOm2', 'CYOOm2_Neuron']"
131,1349?,"['CYOOm2', 'CYOOm2_Neuron']"
132,4512?,"['CYOOm2', 'CYOOm2_Neuron']"
133,4519?,"['CYOR-u10m', 'CYOR-u10m_Neuron']"
134,29796,"['CYOR-u10m', 'CYOR-u10m_Neuron']"
135,10975,"['CYOR-u10m', 'CYOR-u10m_Neuron']"
136,7381,"['CYOR-u10m', 'CYOR-u10m_Neuron']"
137,7384,"['CYOR-u10m', 'CYOR-u10m_Neuron']"
138,7388,"['CYOR-u10m', 'CYOR-u10m_Neuron']"
139,7386,"['CYOR-u10m', 'CYOR-u10m_Neuron']"
140,27089?,"['CYOR-u10m', 'CYOR-u10m_Neuron']"
141,1537,"['CYOR-u10m', 'CYOR-u10m_Neuron']"
142,7385,"['CYOR-u10m', 'CYOR-u10m_Neuron']"
143,56301,"['CYSGLYexR', 'CYSGLYexR_Neuron', 'CYSGLUexR', 'SERGLYexR_Int', 'CYSGLUexR_Neuron', 'SERGLNexR', 'SERGLNexR_Int', 'SERGLYexR', 'CYSGLUexR_Int', 'SERGLNexR_Neuron', 'SERGLYexR_Neuron']"
144,23428,"['CYSGLYex_Int', 'CYSGLYex']"
145,1036,"['CYSO', 'CYSO_Neuron']"
146,124935,"['VALtec_Int', 'LEUtec', 'CYStec_Int', 'LEUtec_Int', 'ILEtec', 'ILEtec_Int', 'LEUtec_Neuron', 'CYStec', 'CYStec_Neuron', 'VALtec', 'ILEtec_Neuron', 'VALtec_Neuron']"
147,51727,"['CYTK1m_Neuron', 'CYTK1m']"
148,9123,"['L-LACt2r_Int', 'D-LACt2_Int', 'D-LACt2_Neuron', 'L-LACt2r_Neuron', 'D-LACt2', 'L-LACt2r', 'PYRt2r_Int', 'PYRt2r', 'PYRt2r_Neuron']"
149,1716,"['DGNSKm_Neuron', 'DGNSKm']"
150,29958,"['DMGDHm_Neuron', 'DMGDHm']"
151,669,"['DPGase', 'PGM', 'DPGM', 'DPGase_Neuron', 'PGM_Neuron', 'DPGM_Neuron']"
152,5223,"['DPGase', 'PGM', 'DPGM', 'DPGase_Neuron', 'PGM_Neuron', 'DPGM_Neuron']"
153,7084,"['DURIK1m_Neuron', 'TMDK1m_Neuron', 'TMDK1m', 'DURIK1m']"
154,1854,"['DUTPDPm_Neuron', 'DUTPDPm']"
155,1892,"['ECOAH1m', 'ECOAH12m', 'ECOAH9m', 'PRPNCOAHYDm', 'PRPNCOAHYDm_Neuron', 'ECOAH12m_Neuron', 'ECOAH1m_Neuron', 'ECOAH9m_Neuron']"
156,2027,"['ENO', 'ENO_Neuron']"
157,2023,"['ENO', 'ENO_Neuron']"
158,2026,"['ENO', 'ENO_Neuron']"
159,2109,"['ETF_Neuron', 'ETF']"
160,2108,"['ETF_Neuron', 'ETF']"
161,2110,"['ETFQO', 'ETFQO_Neuron']"
162,1571,"['ETOHMO_Neuron', 'ETOHMO']"
163,230,"['FBA_Neuron', 'FBA']"
164,226,"['FBA_Neuron', 'FBA']"
165,2235,"['FCLTm_Neuron', 'FCLTm']"
166,4891,"['FE2t', 'Fe2t_Neuron', 'FE2t_Int']"
167,2356,"['FPGS3m_Neuron', 'FPGS7m_Neuron', 'FPGS3m', 'FPGS9m', 'FPGS2m', 'FPGS7m', 'FPGS4m', 'FPGS5m', 'FPGS4m_Neuron', 'FPGS5m_Neuron', 'FPGSm', 'FPGS6m', 'FPGS6m_Neuron', 'FPGS8m_Neuron', 'FPGSm_Neuron', 'FPGS8m', 'FPGS9m_Neuron', 'FPGS2m_Neuron']"
168,25902,"['MTHFDm_Neuron', 'MTHFDm', 'FTHFLm', 'MTHFCm_Neuron', 'MTHFCm', 'FTHFLm_Neuron']"
169,1468,"['FUMtm', 'FUMSO4tm_Neuron', 'MALtm', 'FUMtm_Neuron', 'FUMTSULtm', 'MALSO3tm_Neuron', 'MALtm_Neuron', 'MALSO4tm_Neuron', 'MALTSULtm_Neuron', 'FUMSO3tm', 'SUCCt2m', 'SUCCt2m_Neuron', 'MALTSULtm', 'FUMTSULtm_Neuron', 'FUMSO3tm_Neuron', 'MALSO4tm', 'FUMSO4tm', 'MALSO3tm']"
170,2271,"['FUMm_Neuron', 'FUMm']"
171,2820,"['G3PD2m', 'G3PD2m_Neuron']"
172,9563,"['G6PDH2r_Neuron', 'G6PDH2r']"
173,2539,"['G6PDH2r_Neuron', 'G6PDH2r']"
174,2597,"['GAPD', 'GAPD_Neuron']"
175,7915,"['GCALDDm_Neuron', 'SSALxm_Neuron', 'LCADim_Neuron', 'LCADi_Dm_Neuron', 'LCADi_Dm', 'SSALxm', 'LCADim', 'GCALDDm']"
176,4329,"['GCALDDm_Neuron', 'LCADim_Neuron', 'LCADi_Dm_Neuron', 'LCADi_Dm', 'MMSAD3m_Neuron', 'MMSAD1m', 'LCADim', 'MMSAD3m', 'MMSAD1m_Neuron', 'GCALDDm']"
177,275,"['GCC2cm', 'GCC2bim', 'GCC2am_Neuron', 'GCC2am', 'GCC2cm_Neuron', 'GCCcm_Neuron', 'GCC2bim_Neuron', 'GCCbim', 'GCCbim_Neuron', 'GCCcm', 'GCCam_Neuron', 'GCCam']"
178,2731,"['GCC2cm', 'GCC2bim', 'GCC2am_Neuron', 'GCC2am', 'GCC2cm_Neuron', 'GCCcm_Neuron', 'GCC2bim_Neuron', 'GCCbim', 'GCCbim_Neuron', 'GCCcm', 'GCCam_Neuron', 'GCCam']"
179,2653,"['GCC2cm', 'GCC2bim', 'GCC2am_Neuron', 'GCC2am', 'GCC2cm_Neuron', 'GCCcm_Neuron', 'GCC2bim_Neuron', 'GCCbim', 'GCCbim_Neuron', 'GCCcm', 'GCCam_Neuron', 'GCCam']"
180,6472,"['GHMT2rm', 'GHMT2rm_Neuron', 'GHMT3m', 'GHMT3m_Neuron']"
181,6513,"['GLCt1r_Neuron', 'GLCt1r']"
182,56606,"['GLCt1r_Neuron', 'GLCt1r']"
183,6515,"['GLCt1r_Neuron', 'GLCt1r']"
184,29988,"['GLCt1r_Neuron', 'GLCt1r']"
185,11182,"['GLCt1r_Neuron', 'GLCt1r']"
186,154091,"['GLCt1r_Neuron', 'GLCt1r']"
187,81031,"['GLCt1r_Neuron', 'GLCt1r']"
188,66035,"['GLCt1r_Neuron', 'GLCt1r']"
189,6524,"['GLCt2r', 'GLCt2r_Int']"
190,2752,['GLNS']
191,2746,"['GLUDym', 'GLUDxm_Neuron', 'GLUDym_Neuron', 'GLUDxm']"
192,2747,"['GLUDym', 'GLUDxm_Neuron', 'GLUDym_Neuron', 'GLUDxm']"
193,2744,"['GLUNm', 'GLUNm_Neuron']"
194,27165,"['GLUNm', 'GLUNm_Neuron']"
195,2639,"['GLUTCOADHm', 'GLUTCOADHm_Neuron']"
196,246213,"['GLUVESSEC_Neuron', 'GLUVESSEC']"
197,57030,"['GLUVESSEC_Neuron', 'GLUVESSEC']"
198,57084,"['PIt7', 'PIt7_Int', 'GLUVESSEC', 'PIt7_Neuron', 'GLUVESSEC_Neuron']"
199,79751,"['GLUt2m', 'GLUt2m_Neuron']"
200,83733,"['GLUt2m', 'GLUt2m_Neuron']"
201,6512,"['GLUt6', 'GLUt6_Int']"
202,6507,"['GLUt6', 'GLUt6_Int']"
203,6511,"['GLUt6', 'GLUt6_Int']"
204,6505,"['GLUt6', 'GLUt6_Int']"
205,6506,"['GLUt6', 'GLUt6_Int']"
206,9380,"['GLYCLTDym_Neuron', 'GLYCLTDym']"
207,2712,"['GLYKm_Neuron', 'GLYKm']"
208,2710,"['GLYKm_Neuron', 'GLYKm']"
209,2713,"['GLYKm_Neuron', 'GLYKm']"
210,3029,"['GLYOXm', 'GLYOXm_Neuron']"
211,5226,"['GND_Neuron', 'GND']"
212,2936,"['GTHOm_Neuron', 'GTHOm']"
213,2879,"['GTHPm', 'GTHPm_Neuron']"
214,10935,"['GTHPm', 'GTHPm_Neuron']"
215,11238,"['H2CO3Dm_Neuron', 'H2CO3Dm']"
216,361,"['H2Ot_Neuron', 'H2Ot_Int', 'H2Ot']"
217,366,"['H2Otm_Neuron', 'H2Otm', 'UREAtm', 'NH3tm_Neuron', 'LacLtm', 'UREAtm_Neuron', 'NH3tm']"
218,3028,"['HACD1m_Neuron', 'HACD9m', 'HACD1m', 'HACD9m_Neuron']"
219,3033,"['HACD1m_Neuron', 'HACD1m']"
220,27235,"['HBZOPT10m', 'HBZOPT10m_Neuron']"
221,3098,"['HEX1', 'HEX1_Neuron']"
222,2645,"['HEX1', 'HEX1_Neuron']"
223,80201,"['HEX1', 'HEX1_Neuron']"
224,3099,"['HEX1', 'HEX1_Neuron']"
225,11112,"['HIBDm_Neuron', 'HIBDm']"
226,3145,"['HMBS_Neuron', 'HMBS']"
227,3158,"['HMGCOASim_Neuron', 'HMGCOASim']"
228,54511,"['HMGLm', 'HMGLm_Neuron']"
229,7352,"['Htm_Neuron', 'Htm']"
230,9016,"['Htm_Neuron', 'Htm']"
231,9481,"['Htm_Neuron', 'Htm']"
232,3421,"['ICDHxm_Neuron', 'ICDHxm']"
233,3420,"['ICDHxm_Neuron', 'ICDHxm']"
234,3419,"['ICDHxm_Neuron', 'ICDHxm']"
235,3418,"['ICDHyrm', 'ICDHyrm_Neuron']"
236,586,"['ILETA', 'ILETA_Neuron', 'LEUTA_Neuron', 'VALTA', 'VALTA_Neuron', 'LEUTA']"
237,587,"['LEUTAm', 'VALTAm', 'ILETAm_Neuron', 'LEUTAm_Neuron', 'ILETAm', 'VALTAm_Neuron']"
238,8802,"['SUCOASm', 'MECOALm', 'MECOAS1m_Neuron', 'MECOAS1m', 'SUCOAS1m', 'ITCOALm_Neuron', 'SUCOASm_Neuron', 'ITCOAL1m', 'SUCOAS1m_Neuron', 'ITCOAL1m_Neuron', 'MECOALm_Neuron', 'ITCOALm']"
239,8801,"['MECOAS1m_Neuron', 'SUCOAS1m_Neuron', 'ITCOAL1m_Neuron', 'MECOAS1m', 'SUCOAS1m', 'ITCOAL1m']"
240,8803,"['SUCOASm', 'MECOALm', 'MECOALm_Neuron', 'ITCOALm', 'ITCOALm_Neuron', 'SUCOASm_Neuron']"
241,160287,"['LDH_L', 'LDH_L_Neuron']"
242,3945,"['LDH_L', 'LDH_L_Neuron']"
243,3939,"['LDH_L', 'LDH_L_Neuron', 'LDH_Lm', 'LDH_Lm_Neuron']"
244,3948,"['LDH_L', 'LDH_L_Neuron']"
245,56922,"['MCCCrm', 'MCCCrm_Neuron']"
246,64087,"['MCCCrm', 'MCCCrm_Neuron']"
247,4190,"['MDH_Neuron', 'MDH']"
248,4191,"['MDHm', 'MDHm_Neuron', 'SLDxm', 'SLDxm_Neuron']"
249,23417,"['MMCDm', 'MMCDm_Neuron']"
250,84693,"['MMEm_Neuron', 'MMEm']"
251,4594,"['MMMm_Neuron', 'MMMm']"
252,55967,"['NADH2-u10m', 'NADH2-u10m_Neuron']"
253,4537?,"['NADH2-u10m', 'NADH2-u10m_Neuron']"
254,4710,"['NADH2-u10m', 'NADH2-u10m_Neuron']"
255,4726,"['NADH2-u10m', 'NADH2-u10m_Neuron']"
256,4717,"['NADH2-u10m', 'NADH2-u10m_Neuron']"
257,4539?,"['NADH2-u10m', 'NADH2-u10m_Neuron']"
258,7991?,"['NADH2-u10m', 'NADH2-u10m_Neuron']"
259,4536?,"['NADH2-u10m', 'NADH2-u10m_Neuron']"
260,4712,"['NADH2-u10m', 'NADH2-u10m_Neuron']"
261,4708?,"['NADH2-u10m', 'NADH2-u10m_Neuron']"
262,4707?,"['NADH2-u10m', 'NADH2-u10m_Neuron']"
263,4713,"['NADH2-u10m', 'NADH2-u10m_Neuron']"
264,4706,"['NADH2-u10m', 'NADH2-u10m_Neuron']"
265,4724,"['NADH2-u10m', 'NADH2-u10m_Neuron']"
266,4711,"['NADH2-u10m', 'NADH2-u10m_Neuron']"
267,51079,"['NADH2-u10m', 'NADH2-u10m_Neuron']"
268,4698,"['NADH2-u10m', 'NADH2-u10m_Neuron']"
269,4716?,"['NADH2-u10m', 'NADH2-u10m_Neuron']"
270,4731?,"['NADH2-u10m', 'NADH2-u10m_Neuron']"
271,4723,"['NADH2-u10m', 'NADH2-u10m_Neuron']"
272,4540?,"['NADH2-u10m', 'NADH2-u10m_Neuron']"
273,4694,"['NADH2-u10m', 'NADH2-u10m_Neuron']"
274,4715,"['NADH2-u10m', 'NADH2-u10m_Neuron']"
275,4718,"['NADH2-u10m', 'NADH2-u10m_Neuron']"
276,4535?,"['NADH2-u10m', 'NADH2-u10m_Neuron']"
277,4695,"['NADH2-u10m', 'NADH2-u10m_Neuron']"
278,4722,"['NADH2-u10m', 'NADH2-u10m_Neuron']"
279,126328?,"['NADH2-u10m', 'NADH2-u10m_Neuron']"
280,4704,"['NADH2-u10m', 'NADH2-u10m_Neuron']"
281,4700,"['NADH2-u10m', 'NADH2-u10m_Neuron']"
282,4725?,"['NADH2-u10m', 'NADH2-u10m_Neuron']"
283,4729,"['NADH2-u10m', 'NADH2-u10m_Neuron']"
284,4705,"['NADH2-u10m', 'NADH2-u10m_Neuron']"
285,4701,"['NADH2-u10m', 'NADH2-u10m_Neuron']"
286,374291,"['NADH2-u10m', 'NADH2-u10m_Neuron']"
287,4697,"['NADH2-u10m', 'NADH2-u10m_Neuron']"
288,4702,"['NADH2-u10m', 'NADH2-u10m_Neuron']"
289,4709?,"['NADH2-u10m', 'NADH2-u10m_Neuron']"
290,4696?,"['NADH2-u10m', 'NADH2-u10m_Neuron']"
291,4541?,"['NADH2-u10m', 'NADH2-u10m_Neuron']"
292,4728,"['NADH2-u10m', 'NADH2-u10m_Neuron']"
293,4719,"['NADH2-u10m', 'NADH2-u10m_Neuron']"
294,4538?,"['NADH2-u10m', 'NADH2-u10m_Neuron']"
295,4720,"['NADH2-u10m', 'NADH2-u10m_Neuron']"
296,4714,"['NADH2-u10m', 'NADH2-u10m_Neuron']"
297,4833,"['NDPK1m_Neuron', 'NDPK8m_Neuron', 'NDPK9m', 'NDPK6m_Neuron', 'NDPK2m_Neuron', 'NDPK6m', 'NDPK3m', 'NDPK7m', 'NDPK10m', 'NDPK9m_Neuron', 'NDPK2m', 'NDPK10m_Neuron', 'NDPK4m', 'NDPK3m_Neuron', 'NDPK7m_Neuron', 'NDPK1m', 'NDPK4m_Neuron', 'NDPK8m', 'NDPK5m_Neuron', 'NDPK5m']"
298,57127,"['NH4t3r', 'NH4t3r_Int', 'NH4t3r_Neuron']"
299,349565,"['NNATm_Neuron', 'NMNATm', 'NNATm', 'NMNATm_Neuron']"
300,56953,"['NTD1m_Neuron', 'NTD1m', 'NTD2m', 'NTD5m', 'NTD2m_Neuron', 'NTD5m_Neuron']"
301,477,"['NaKt_Neuron', 'NaKt_Int', 'NaKt']"
302,481,"['NaKt_Neuron', 'NaKt_Int', 'NaKt']"
303,480,"['NaKt_Neuron', 'NaKt_Int', 'NaKt']"
304,476,"['NaKt_Neuron', 'NaKt_Int', 'NaKt']"
305,482,"['NaKt_Neuron', 'NaKt_Int', 'NaKt']"
306,478,"['NaKt_Neuron', 'NaKt_Int', 'NaKt']"
307,483,"['NaKt_Neuron', 'NaKt_Int', 'NaKt']"
308,5019,"['OCOAT1m_Neuron', 'OCOAT1m']"
309,1629,"['OIVD3m', 'OIVD2m_Neuron', 'OIVD3m_Neuron', 'OIVD1m_Neuron', 'OIVD2m', 'OIVD1m']"
310,594?,"['OIVD3m', 'OIVD2m_Neuron', 'OIVD3m_Neuron', 'OIVD1m_Neuron', 'OIVD2m', 'OIVD1m']"
311,593,"['OIVD3m', 'OIVD2m_Neuron', 'OIVD3m_Neuron', 'OIVD1m_Neuron', 'OIVD2m', 'OIVD1m']"
312,4942,"['ORNTArm_Neuron', 'ORNTArm']"
313,1583,"['P45011A1m_Neuron', 'P45011A1m']"
314,57194,"['PEFLIP_Neuron', 'PSFLIP_Int', 'PSFLIP_Neuron', 'PSFLIPm_Neuron', 'PCFLOPm', 'PSFLIP', 'PEFLIP_Int', 'PSFLIPm', 'PCFLOPm_Neuron', 'PEFLIP', 'PEFLIPm_Neuron', 'PEFLIPm']"
315,5091,['PCm']
316,5162,"['PDHm', 'PDHm_Neuron']"
317,5161,"['PDHm', 'PDHm_Neuron']"
318,1737,"['PDHm', 'PDHm_Neuron']"
319,5160,"['PDHm', 'PDHm_Neuron']"
320,10396,"['PEFLIP_Neuron', 'PSFLIP_Int', 'PSFLIP_Neuron', 'PSFLIPm_Neuron', 'PSFLIP', 'PEFLIP_Int', 'PSFLIPm', 'PEFLIP', 'PEFLIPm_Neuron', 'PEFLIPm']"
321,10400,"['PETOHMm_hs_Neuron', 'PETOHMm_hs']"
322,5214,"['PFK', 'PFK_Neuron']"
323,5211,"['PFK', 'PFK_Neuron']"
324,5213,"['PFK', 'PFK_Neuron']"
325,26227,['PGCD']
326,2821,"['PGI_Neuron', 'PGI']"
327,5232,"['PGK_Neuron', 'PGK']"
328,5230,"['PGK_Neuron', 'PGK']"
329,348477,"['PGK_Neuron', 'PGK']"
330,25796,"['PGL_Neuron', 'PGL']"
331,5250,"['PIt2m_Neuron', 'PIt2m']"
332,10568,"['PIt7', 'PIt7_Int', 'PIt7_Neuron']"
333,6569,"['PIt7', 'PIt7_Int', 'PIt7_Neuron']"
334,80025,"['PNTKm', 'PNTKm_Neuron']"
335,5464,"['PPA', 'PPA_Neuron']"
336,27068,"['PPAm', 'PPAm_Neuron']"
337,210,"['PPBNGS', 'PPBNGS_Neuron']"
338,5095,"['PPCOACm', 'PPCOACm_Neuron']"
339,5096,"['PPCOACm', 'PPCOACm_Neuron']"
340,5498,"['PPPGOm_Neuron', 'PPPGOm']"
341,5625,"['PRO1xm_Neuron', 'PROD2m_Neuron', 'PRO1xm', 'PROD2m']"
342,29968,['PSERT']
343,5723,['PSP_L']
344,5315,"['PYK', 'PYK_Neuron']"
345,6120,"['RPE_Neuron', 'RPE']"
346,22934,"['RPI_Neuron', 'RPI']"
347,10157,"['SACCD3m_Neuron', 'SACCD4m_Neuron', 'SACCD3m', 'SACCD4m']"
348,1757,"['SARDHm', 'SARDHm_Neuron']"
349,115019,"['SO4HCOtex_Int', 'SO4HCOtex']"
350,10861,"['SO4HCOtex_Int', 'SO4HCOtex']"
351,116369,"['SO4HCOtex_Int', 'SO4HCOtex']"
352,284129,"['SO4HCOtex_Int', 'SO4HCOtex']"
353,6648,"['SPODMm', 'SPODMm_Neuron']"
354,6390,"['SUCD1m_Neuron', 'SUCD1m']"
355,6389,"['SUCD1m_Neuron', 'SUCD1m']"
356,6391,"['SUCD1m_Neuron', 'SUCD1m']"
357,6392?,"['SUCD1m_Neuron', 'SUCD1m']"
358,6821,"['SULFOX', 'SULFOX_Neuron']"
359,6888,"['TALA', 'TALA_Neuron']"
360,23530,"['THD1m_Neuron', 'THD1m']"
361,3177,"['THYMDt1', 'URIt', 'URIt_Int', 'THYMDt1_Int', 'THYMDt1_Neuron', 'URIt_Neuron']"
362,8277,"['TKT1_Neuron', 'TKT1', 'TKT2', 'TKT2_Neuron']"
363,7086,"['TKT1_Neuron', 'TKT1', 'TKT2', 'TKT2_Neuron']"
364,286016,"['TPI', 'TPI_Neuron']"
365,7167,"['TPI', 'TPI_Neuron']"
366,10587,"['TRDRm', 'TRDRm_Neuron']"
367,7390,"['UPP3S_Neuron', 'UPP3S']"
368,7389,"['UPPDC1', 'UPPDC1_Neuron']"
369,1593,"['VITD3Hm', 'VITD3Hm_Neuron', 'VITD2Hm', 'VITD2Hm_Neuron']"
370,10201,"['NDPK1_Neuron', 'NDPK1']"
371,4831,"['NDPK1_Neuron', 'NDPK1']"
372,4830,"['NDPK1_Neuron', 'NDPK1']"
373,4832,"['NDPK1_Neuron', 'NDPK1']"
374,2992,"['GLGNS1', 'GGNG', 'GGNG_Neuron', 'GLGNS1_Neuron']"
375,2997?,"['GLGNS1', 'GGNG', 'GGNG_Neuron', 'GLGNS1_Neuron']"
376,8908,"['GLGNS1', 'GGNG', 'GGNG_Neuron', 'GLGNS1_Neuron']"
377,2998?,"['GLGNS1', 'GGNG', 'GGNG_Neuron', 'GLGNS1_Neuron']"
378,2632?,"['GLBRAN_Neuron', 'GLBRAN']"
379,5837,"['GLPASE1', 'GLPASE2']"
380,5834,"['GLPASE1', 'GLPASE2']"
381,5836,"['GLPASE1', 'GLPASE2']"
382,178,"['GLDBRAN_Neuron', 'GLDBRAN']"
383,6563,"['UREAt_Int', 'UREAt_Neuron', 'UREAt']"
384,8170,"['UREAt_Int', 'UREAt_Neuron', 'UREAt']"
385,92745,"['ALAtN1', 'GLNtN1_Neuron', 'ALAtN1_Neuron', 'GLNtN1_Int', 'ALAtN1_Int', 'GLNtN1']"
386,10991,"['ALAtN1', 'GLNtN1_Neuron', 'ALAtN1_Neuron', 'GLNtN1_Int', 'ALAtN1_Int', 'GLNtN1']"
387,1152,"['CKc_Neuron', 'CKc']"
388,1158,"['CKc_Neuron', 'CKc']"
389,84706,"['ALATA_Lm_Neuron', 'ALATA_Lm', 'ALATA_L_Neuron', 'ALATA_L']"
390,2875,"['ALATA_Lm_Neuron', 'ALATA_Lm']"
391,23761,"['PSDm_hs', 'PSDm_hs_Neuron']"
392,10873,['ME2m_Neuron']
393,4200,['ME2m_Neuron']
394,3786,['Kt_Neuron']
395,3785,['Kt_Neuron']
396,5105,['PEPCK_Neuron']
