ID,Name,Reaction,Node,Gene
3SALATAim,"3-sulfino-alanine transaminase (irreversible), mitochondrial Astrocyte",3sala[mA] + akg[mA] + h[mA] --> 3snpyr[mA] + glu-L[mA],Astrocyte,2806
4HGLSDm,"L-4-hydroxyglutamate semialdehyde dehydrogenase, mitochondrial Astrocyte",4hglusa[mA] + h2o[mA] + nad[mA] <=> e4hglu[mA] + 2.0 h[mA] + nadh[mA],Astrocyte,8659
5HOXINDACTOXm,5-Hydroxyindoleacetaldehyde:NAD+ oxidoreductase (mito) Astrocyte,5hoxindact[mA] + h2o[mA] + nad[mA] --> 5hoxindoa[mA] + 2.0 h[mA] + nadh[mA],Astrocyte,8659
ALDD20xm,"aldehyde dehydrogenase (indole-3-acetaldehyde, NAD), mitochondrial Astrocyte",h2o[mA] + id3acald[mA] + nad[mA] --> 2.0 h[mA] + ind3ac[mA] + nadh[mA],Astrocyte,8659
BAMPPALDOXm,beta-Aminopropion aldehyde:NAD+ oxidoreductase (m) Astrocyte,bamppald[mA] + h2o[mA] + nad[mA] --> ala-B[mA] + 2.0 h[mA] + nadh[mA],Astrocyte,8659
GCALDDm,"Glycolaldehyde dehydrogenase, mitochondrial Astrocyte",gcald[mA] + h2o[mA] + nad[mA] --> glyclt[mA] + 2.0 h[mA] + nadh[mA],Astrocyte,8659
GLACOm,"D-Glucuronolactone:NAD+ oxidoreductase, mitochondrial Astrocyte",glac[mA] + 2.0 h2o[mA] + nad[mA] --> glcr[mA] + 3.0 h[mA] + nadh[mA],Astrocyte,8659
IMACTD_m,Imidazole acetaldeyde dehydrogenase (mito) Astrocyte,h2o[mA] + im4act[mA] + nad[mA] --> 2.0 h[mA] + im4ac[mA] + nadh[mA],Astrocyte,8659
LCADim,"lactaldehyde dehydrogenase, mitochondrial Astrocyte",h2o[mA] + lald-L[mA] + nad[mA] --> 2.0 h[mA] + lac-L[mA] + nadh[mA],Astrocyte,8659
NABTNOm,N4-Acetylaminobutanal:NAD+ oxidoreductase (m) Astrocyte,h2o[mA] + n4abutn[mA] + nad[mA] --> 4aabutn[mA] + 2.0 h[mA] + nadh[mA],Astrocyte,8659
P5CDm,"1-pyrroline-5-carboxylate dehydrogenase, mitochondrial Astrocyte",1pyr5c[mA] + 2.0 h2o[mA] + nad[mA] --> glu-L[mA] + h[mA] + nadh[mA],Astrocyte,8659
PHCDm,L-1-pyrroline-3-hydroxy-5-carboxylate dehydrogenase Astrocyte,1p3h5c[mA] + 2.0 h2o[mA] + nad[mA] --> e4hglu[mA] + h[mA] + nadh[mA],Astrocyte,8659
PYLALDOXm,Perillyl aldehyde:NAD+ oxidoreductase (m) Astrocyte,h2o[mA] + nad[mA] + pylald[mA] --> 2.0 h[mA] + nadh[mA] + peracd[mA],Astrocyte,8659
LCADi_Dm,"lactaldehyde dehydrogenase, mitochondrial Astrocyte",h2o[mA] + lald-D[mA] + nad[mA] --> 2.0 h[mA] + lac-D[mA] + nadh[mA],Astrocyte,8659
5HOXINDACTOXm,5-Hydroxyindoleacetaldehyde:NAD+ oxidoreductase (mito) Astrocyte,5hoxindact[mA] + h2o[mA] + nad[mA] --> 5hoxindoa[mA] + 2.0 h[mA] + nadh[mA],Astrocyte,219
ALDD20xm,"aldehyde dehydrogenase (indole-3-acetaldehyde, NAD), mitochondrial Astrocyte",h2o[mA] + id3acald[mA] + nad[mA] --> 2.0 h[mA] + ind3ac[mA] + nadh[mA],Astrocyte,219
BAMPPALDOXm,beta-Aminopropion aldehyde:NAD+ oxidoreductase (m) Astrocyte,bamppald[mA] + h2o[mA] + nad[mA] --> ala-B[mA] + 2.0 h[mA] + nadh[mA],Astrocyte,219
GCALDDm,"Glycolaldehyde dehydrogenase, mitochondrial Astrocyte",gcald[mA] + h2o[mA] + nad[mA] --> glyclt[mA] + 2.0 h[mA] + nadh[mA],Astrocyte,219
GLACOm,"D-Glucuronolactone:NAD+ oxidoreductase, mitochondrial Astrocyte",glac[mA] + 2.0 h2o[mA] + nad[mA] --> glcr[mA] + 3.0 h[mA] + nadh[mA],Astrocyte,219
IMACTD_m,Imidazole acetaldeyde dehydrogenase (mito) Astrocyte,h2o[mA] + im4act[mA] + nad[mA] --> 2.0 h[mA] + im4ac[mA] + nadh[mA],Astrocyte,219
LCADim,"lactaldehyde dehydrogenase, mitochondrial Astrocyte",h2o[mA] + lald-L[mA] + nad[mA] --> 2.0 h[mA] + lac-L[mA] + nadh[mA],Astrocyte,219
NABTNOm,N4-Acetylaminobutanal:NAD+ oxidoreductase (m) Astrocyte,h2o[mA] + n4abutn[mA] + nad[mA] --> 4aabutn[mA] + 2.0 h[mA] + nadh[mA],Astrocyte,219
PYLALDOXm,Perillyl aldehyde:NAD+ oxidoreductase (m) Astrocyte,h2o[mA] + nad[mA] + pylald[mA] --> 2.0 h[mA] + nadh[mA] + peracd[mA],Astrocyte,219
MTDNAdpolym,depolymerization of mtDNA for repair Astrocyte,33136.0 h2o[mA] + mtDNAn[mA] --> 9218.0 damp[mA] + 7350.0 dcmp[mA] + 7350.0 dgmp[mA] + 9218.0 dtmp[mA] + 33136.0 h[mA] + mtDNAn-1[mA],Astrocyte,219
ALDD2xm,"aldehyde dehydrogenase (acetylaldehyde, NAD), mitochondrial Astrocyte",acald[mA] + h2o[mA] + nad[mA] --> ac[mA] + 2.0 h[mA] + nadh[mA],Astrocyte,219
LCADi_Dm,"lactaldehyde dehydrogenase, mitochondrial Astrocyte",h2o[mA] + lald-D[mA] + nad[mA] --> 2.0 h[mA] + lac-D[mA] + nadh[mA],Astrocyte,219
5HOXINDACTOXm,5-Hydroxyindoleacetaldehyde:NAD+ oxidoreductase (mito) Astrocyte,5hoxindact[mA] + h2o[mA] + nad[mA] --> 5hoxindoa[mA] + 2.0 h[mA] + nadh[mA],Astrocyte,217
ALDD20xm,"aldehyde dehydrogenase (indole-3-acetaldehyde, NAD), mitochondrial Astrocyte",h2o[mA] + id3acald[mA] + nad[mA] --> 2.0 h[mA] + ind3ac[mA] + nadh[mA],Astrocyte,217
BAMPPALDOXm,beta-Aminopropion aldehyde:NAD+ oxidoreductase (m) Astrocyte,bamppald[mA] + h2o[mA] + nad[mA] --> ala-B[mA] + 2.0 h[mA] + nadh[mA],Astrocyte,217
GCALDDm,"Glycolaldehyde dehydrogenase, mitochondrial Astrocyte",gcald[mA] + h2o[mA] + nad[mA] --> glyclt[mA] + 2.0 h[mA] + nadh[mA],Astrocyte,217
GLACOm,"D-Glucuronolactone:NAD+ oxidoreductase, mitochondrial Astrocyte",glac[mA] + 2.0 h2o[mA] + nad[mA] --> glcr[mA] + 3.0 h[mA] + nadh[mA],Astrocyte,217
IMACTD_m,Imidazole acetaldeyde dehydrogenase (mito) Astrocyte,h2o[mA] + im4act[mA] + nad[mA] --> 2.0 h[mA] + im4ac[mA] + nadh[mA],Astrocyte,217
LCADim,"lactaldehyde dehydrogenase, mitochondrial Astrocyte",h2o[mA] + lald-L[mA] + nad[mA] --> 2.0 h[mA] + lac-L[mA] + nadh[mA],Astrocyte,217
NABTNOm,N4-Acetylaminobutanal:NAD+ oxidoreductase (m) Astrocyte,h2o[mA] + n4abutn[mA] + nad[mA] --> 4aabutn[mA] + 2.0 h[mA] + nadh[mA],Astrocyte,217
PYLALDOXm,Perillyl aldehyde:NAD+ oxidoreductase (m) Astrocyte,h2o[mA] + nad[mA] + pylald[mA] --> 2.0 h[mA] + nadh[mA] + peracd[mA],Astrocyte,217
ALDD2xm,"aldehyde dehydrogenase (acetylaldehyde, NAD), mitochondrial Astrocyte",acald[mA] + h2o[mA] + nad[mA] --> ac[mA] + 2.0 h[mA] + nadh[mA],Astrocyte,217
LCADi_Dm,"lactaldehyde dehydrogenase, mitochondrial Astrocyte",h2o[mA] + lald-D[mA] + nad[mA] --> 2.0 h[mA] + lac-D[mA] + nadh[mA],Astrocyte,217
ACACt2m,Acetoacetate mitochondrial transport via H+ symport Astrocyte,acac[cA] + h[cA] <=> acac[mA] + h[mA],Astrocyte,6566
BTNt2m,"Biotin reversible transport via proton symport, mitochondria Astrocyte",btn[cA] + h[cA] <=> btn[mA] + h[mA],Astrocyte,6566
D-LACtm,"D-lactate transport, mitochondrial Astrocyte",h[cA] + lac-D[cA] <=> h[mA] + lac-D[mA],Astrocyte,6566
PYRt2m,pyruvate mitochondrial transport via proton symport Astrocyte,h[cA] + pyr[cA] <=> h[mA] + pyr[mA],Astrocyte,6566
ACACt2m_Neuron,Acetoacetate mitochondrial transport via H+ symport Neuron,acac[cN] + h[cN] <=> acac[mN] + h[mN],Neuron,6566
BTNt2m_Neuron,"Biotin reversible transport via proton symport, mitochondria Neuron",btn[cN] + h[cN] <=> btn[mN] + h[mN],Neuron,6566
D-LACtm_Neuron,"D-lactate transport, mitochondrial Neuron",h[cN] + lac-D[cN] <=> h[mN] + lac-D[mN],Neuron,6566
L-LACtm,"L-lactate transport, mitochondrial Astrocyte",h[cA] + lac-L[cA] --> h[mA] + lac-L[mA],Astrocyte,6566
L-LACtm_Neuron,"L-lactate transport, mitochondrial Neuron",h[cN] + lac-L[cN] --> h[mN] + lac-L[mN],Neuron,6566
PYRt2m_Neuron,pyruvate mitochondrial transport via proton symport Neuron,h[cN] + pyr[cN] <=> h[mN] + pyr[mN],Neuron,6566
AGPRim,"N-acetyl-g-glutamyl-phosphate reductase, irreversible, mitochondrial Astrocyte",acg5p[mA] + h[mA] + nadph[mA] --> acg5sa[mA] + nadp[mA] + pi[mA],Astrocyte,5832
G5SDym,glutamate-5-semialdehyde dehydrogenase (m) Astrocyte,glu5p[mA] + h[mA] + nadph[mA] --> glu5sa[mA] + nadp[mA] + pi[mA],Astrocyte,5832
GCALDDm,"Glycolaldehyde dehydrogenase, mitochondrial Astrocyte",gcald[mA] + h2o[mA] + nad[mA] --> glyclt[mA] + 2.0 h[mA] + nadh[mA],Astrocyte,5832
LCADim,"lactaldehyde dehydrogenase, mitochondrial Astrocyte",h2o[mA] + lald-L[mA] + nad[mA] --> 2.0 h[mA] + lac-L[mA] + nadh[mA],Astrocyte,5832
LCADi_Dm,"lactaldehyde dehydrogenase, mitochondrial Astrocyte",h2o[mA] + lald-D[mA] + nad[mA] --> 2.0 h[mA] + lac-D[mA] + nadh[mA],Astrocyte,5832
ALASm,5-aminolevulinate synthase Astrocyte,gly[mA] + h[mA] + succoa[mA] --> 5aop[mA] + co2[mA] + coa[mA],Astrocyte,212
ALASm,5-aminolevulinate synthase Astrocyte,gly[mA] + h[mA] + succoa[mA] --> 5aop[mA] + co2[mA] + coa[mA],Astrocyte,23464
ALASm,5-aminolevulinate synthase Astrocyte,gly[mA] + h[mA] + succoa[mA] --> 5aop[mA] + co2[mA] + coa[mA],Astrocyte,211
ARGDCm,arginine decarboxylase (m) Astrocyte,arg-L[mA] + h[mA] --> agm[mA] + co2[mA],Astrocyte,113451
ARGtm,arginine mitochondrial transport via ornithine carrier Astrocyte,arg-L[cA] + h[mA] <=> arg-L[mA] + h[cA],Astrocyte,83884
LYStm,Lysine mitochondrial transport via ornithine carrier Astrocyte,h[mA] + lys-L[cA] <=> h[cA] + lys-L[mA],Astrocyte,83884
ORNt3m,ornithine mitochondrial transport via proton antiport Astrocyte,h[cA] + orn[mA] <=> h[mA] + orn[cA],Astrocyte,83884
ORNt4m,ornithine mitochondrial transport exchange with citruline Astrocyte,citr-L[cA] + h[cA] + orn[mA] <=> citr-L[mA] + h[mA] + orn[cA],Astrocyte,83884
ARGtm_Neuron,arginine mitochondrial transport via ornithine carrier Neuron,arg-L[cN] + h[mN] <=> arg-L[mN] + h[cN],Neuron,83884
LYStm_Neuron,Lysine mitochondrial transport via ornithine carrier Neuron,h[mN] + lys-L[cN] <=> h[cN] + lys-L[mN],Neuron,83884
ORNt3m_Neuron,ornithine mitochondrial transport via proton antiport Neuron,h[cN] + orn[mN] <=> h[mN] + orn[cN],Neuron,83884
ORNt4m_Neuron,ornithine mitochondrial transport exchange with citruline Neuron,citr-L[cN] + h[cN] + orn[mN] <=> citr-L[mN] + h[mN] + orn[cN],Neuron,83884
ARGtm,arginine mitochondrial transport via ornithine carrier Astrocyte,arg-L[cA] + h[mA] <=> arg-L[mA] + h[cA],Astrocyte,10166
LYStm,Lysine mitochondrial transport via ornithine carrier Astrocyte,h[mA] + lys-L[cA] <=> h[cA] + lys-L[mA],Astrocyte,10166
ORNt3m,ornithine mitochondrial transport via proton antiport Astrocyte,h[cA] + orn[mA] <=> h[mA] + orn[cA],Astrocyte,10166
ORNt4m,ornithine mitochondrial transport exchange with citruline Astrocyte,citr-L[cA] + h[cA] + orn[mA] <=> citr-L[mA] + h[mA] + orn[cA],Astrocyte,10166
ARGtm_Neuron,arginine mitochondrial transport via ornithine carrier Neuron,arg-L[cN] + h[mN] <=> arg-L[mN] + h[cN],Neuron,10166
LYStm_Neuron,Lysine mitochondrial transport via ornithine carrier Neuron,h[mN] + lys-L[cN] <=> h[cN] + lys-L[mN],Neuron,10166
ORNt3m_Neuron,ornithine mitochondrial transport via proton antiport Neuron,h[cN] + orn[mN] <=> h[mN] + orn[cN],Neuron,10166
ORNt4m_Neuron,ornithine mitochondrial transport exchange with citruline Neuron,citr-L[cN] + h[cN] + orn[mN] <=> citr-L[mN] + h[mN] + orn[cN],Neuron,10166
BACCLm,"biotin-[acetyl-CoA-carboxylase] ligase, mitochondrial Astrocyte",atp[mA] + btn[mA] + h[mA] --> btamp[mA] + ppi[mA],Astrocyte,3141
BTNPLm,"holocarboxylase synthestase (biotin protein ligase), mitochondrial Astrocyte",apoC-Lys[mA] + btamp[mA] --> amp[mA] + apoC-Lys_btn[mA] + h[mA],Astrocyte,3141
BDHm,(R)-3-Hydroxybutanoate:NAD+ oxidoreductase Astrocyte,bhb[mA] + nad[mA] <=> acac[mA] + h[mA] + nadh[mA],Astrocyte,622
CBLATm,"cob(I)alamin adenosyltransferase, mitochondrial Astrocyte",atp[mA] + cbl1[mA] + h[mA] <=> adocbl[mA] + pppi[mA],Astrocyte,166785
CDSm,phosphatidate cytidylyltransferase Astrocyte,ctp[mA] + h[mA] + pa_hs[mA] --> cdpdag_hs[mA] + ppi[mA],Astrocyte,1040
PETOHMm_hs,phosphatidylethanolamine N-methyltransferase Astrocyte,3.0 amet[mA] + pe_hs[mA] --> 3.0 ahcys[mA] + 3.0 h[mA] + pchol_hs[mA],Astrocyte,1040
CDSm,phosphatidate cytidylyltransferase Astrocyte,ctp[mA] + h[mA] + pa_hs[mA] --> cdpdag_hs[mA] + ppi[mA],Astrocyte,8760
COQ3m,methyltransferase COQ3 Astrocyte,2dpmhobq[mA] + amet[mA] --> ahcys[mA] + h[mA] + q10[mA],Astrocyte,51805
DHDPBMTm,dihydroxydecaprenylbenzoate methyltransferase Astrocyte,3dpdhb[mA] + amet[mA] --> 3dpdhb_me[mA] + ahcys[mA] + h[mA],Astrocyte,51805
CSm,citrate synthase Astrocyte,accoa[mA] + h2o[mA] + oaa[mA] --> cit[mA] + coa[mA] + h[mA],Astrocyte,1431
CSm_Neuron,citrate synthase Neuron,accoa[mN] + h2o[mN] + oaa[mN] --> cit[mN] + coa[mN] + h[mN],Neuron,1431
CYANSTm,"Cyanide sulfurtransferase, mitochondrial Astrocyte",cyan[mA] + tsul[mA] --> h[mA] + so3[mA] + tcynt[mA],Astrocyte,7263
DUTPDPm,dUTP diphosphatase Astrocyte,dutp[mA] + h2o[mA] --> dump[mA] + h[mA] + ppi[mA],Astrocyte,1854
DUTPDPm,dUTP diphosphatase Astrocyte,dutp[mA] + h2o[mA] --> dump[mA] + h[mA] + ppi[mA],Astrocyte,3704
FCLTm,"Ferrochelatase, mitochondrial Astrocyte",fe2[mA] + ppp9[mA] --> 2.0 h[mA] + pheme[mA],Astrocyte,2235
FPGS2m,"folylpolyglutamate synthetase, mitochondrial Astrocyte",5thf[mA] + atp[mA] + glu-L[mA] --> 6thf[mA] + adp[mA] + h[mA] + pi[mA],Astrocyte,2356
FPGS3m,"folylpolyglutamate synthetase, mitochondrial Astrocyte",6thf[mA] + atp[mA] + glu-L[mA] --> 7thf[mA] + adp[mA] + h[mA] + pi[mA],Astrocyte,2356
FPGS4m,"folylpolyglutamate synthetase (DHF), mitochondrial Astrocyte",4.0 atp[mA] + dhf[mA] + 4.0 glu-L[mA] --> 5dhf[mA] + 4.0 adp[mA] + 4.0 h[mA] + 4.0 pi[mA],Astrocyte,2356
FPGS5m,"folylpolyglutamate  synthetase (DHF), mitochondrial Astrocyte",5dhf[mA] + atp[mA] + glu-L[mA] --> 6dhf[mA] + adp[mA] + h[mA] + pi[mA],Astrocyte,2356
FPGS6m,"folylpolyglutamate synthetase (DHF), mitochondrial Astrocyte",6dhf[mA] + atp[mA] + glu-L[mA] --> 7dhf[mA] + adp[mA] + h[mA] + pi[mA],Astrocyte,2356
FPGS7m,"folylpolyglutamate synthetase (10fthf), mitochondrial Astrocyte",10fthf[mA] + 4.0 atp[mA] + 4.0 glu-L[mA] --> 10fthf5glu[mA] + 4.0 adp[mA] + 4.0 h[mA] + 4.0 pi[mA],Astrocyte,2356
FPGS9m,"folylpolyglutamate synthetase (10fthf), mitochondrial Astrocyte",10fthf6glu[mA] + atp[mA] + glu-L[mA] --> 10fthf7glu[mA] + adp[mA] + h[mA] + pi[mA],Astrocyte,2356
FPGSm,"folylpolyglutamate synthetase, mitochondrial Astrocyte",4.0 atp[mA] + 4.0 glu-L[mA] + thf[mA] --> 5thf[mA] + 4.0 adp[mA] + 4.0 h[mA] + 4.0 pi[mA],Astrocyte,2356
FPGS4m_Neuron,"folylpolyglutamate synthetase (DHF), mitochondrial Neuron",4.0 atp[mN] + dhf[mN] + 4.0 glu-L[mN] --> 5dhf[mN] + 4.0 adp[mN] + 4.0 h[mN] + 4.0 pi[mN],Neuron,2356
FPGS8m,"folylpolyglutamate synthetase (10fthf), mitochondrial Astrocyte",10fthf5glu[mA] + atp[mA] + glu-L[mA] --> 10fthf6glu[mA] + adp[mA] + h[mA] + pi[mA],Astrocyte,2356
GCALDDm,"Glycolaldehyde dehydrogenase, mitochondrial Astrocyte",gcald[mA] + h2o[mA] + nad[mA] --> glyclt[mA] + 2.0 h[mA] + nadh[mA],Astrocyte,4329
LCADim,"lactaldehyde dehydrogenase, mitochondrial Astrocyte",h2o[mA] + lald-L[mA] + nad[mA] --> 2.0 h[mA] + lac-L[mA] + nadh[mA],Astrocyte,4329
LCADi_Dm,"lactaldehyde dehydrogenase, mitochondrial Astrocyte",h2o[mA] + lald-D[mA] + nad[mA] --> 2.0 h[mA] + lac-D[mA] + nadh[mA],Astrocyte,4329
GCALDDm,"Glycolaldehyde dehydrogenase, mitochondrial Astrocyte",gcald[mA] + h2o[mA] + nad[mA] --> glyclt[mA] + 2.0 h[mA] + nadh[mA],Astrocyte,7915
LCADim,"lactaldehyde dehydrogenase, mitochondrial Astrocyte",h2o[mA] + lald-L[mA] + nad[mA] --> 2.0 h[mA] + lac-L[mA] + nadh[mA],Astrocyte,7915
LCADi_Dm,"lactaldehyde dehydrogenase, mitochondrial Astrocyte",h2o[mA] + lald-D[mA] + nad[mA] --> 2.0 h[mA] + lac-D[mA] + nadh[mA],Astrocyte,7915
SSALxm,succinate-semialdehyde dehydrogenase (NAD) reversible (mitochondrial) Astrocyte,h2o[mA] + nad[mA] + sucsal[mA] --> 2.0 h[mA] + nadh[mA] + succ[mA],Astrocyte,7915
3HBCOAHLm,"3-hydroxyisobutyryl-CoA hydrolase, mitochondrial Astrocyte",3hibutcoa[mA] + h2o[mA] --> 3hmp[mA] + coa[mA] + h[mA],Astrocyte,275
GCC2am,"glycine-cleavage complex (lipoamide), mitochondrial Astrocyte",gly[mA] + h[mA] + lpam[mA] <=> alpam[mA] + co2[mA],Astrocyte,275
GCC2cm,"glycine-cleavage complex (lipoamide), mitochondrial Astrocyte",dhlam[mA] + nad[mA] <=> h[mA] + lpam[mA] + nadh[mA],Astrocyte,275
GCCam,"glycine-cleavage complex (lipoylprotein), mitochondrial Astrocyte",gly[mA] + h[mA] + lpro[mA] <=> alpro[mA] + co2[mA],Astrocyte,275
GCCcm,"glycine-cleavage complex (lipoylprotein), mitochondrial Astrocyte",dhlpro[mA] + nad[mA] <=> h[mA] + lpro[mA] + nadh[mA],Astrocyte,275
GCC2am,"glycine-cleavage complex (lipoamide), mitochondrial Astrocyte",gly[mA] + h[mA] + lpam[mA] <=> alpam[mA] + co2[mA],Astrocyte,1738
GCC2cm,"glycine-cleavage complex (lipoamide), mitochondrial Astrocyte",dhlam[mA] + nad[mA] <=> h[mA] + lpam[mA] + nadh[mA],Astrocyte,1738
GCCam,"glycine-cleavage complex (lipoylprotein), mitochondrial Astrocyte",gly[mA] + h[mA] + lpro[mA] <=> alpro[mA] + co2[mA],Astrocyte,1738
GCCcm,"glycine-cleavage complex (lipoylprotein), mitochondrial Astrocyte",dhlpro[mA] + nad[mA] <=> h[mA] + lpro[mA] + nadh[mA],Astrocyte,1738
GCC2am,"glycine-cleavage complex (lipoamide), mitochondrial Astrocyte",gly[mA] + h[mA] + lpam[mA] <=> alpam[mA] + co2[mA],Astrocyte,2731
GCC2cm,"glycine-cleavage complex (lipoamide), mitochondrial Astrocyte",dhlam[mA] + nad[mA] <=> h[mA] + lpam[mA] + nadh[mA],Astrocyte,2731
GCCam,"glycine-cleavage complex (lipoylprotein), mitochondrial Astrocyte",gly[mA] + h[mA] + lpro[mA] <=> alpro[mA] + co2[mA],Astrocyte,2731
GCCcm,"glycine-cleavage complex (lipoylprotein), mitochondrial Astrocyte",dhlpro[mA] + nad[mA] <=> h[mA] + lpro[mA] + nadh[mA],Astrocyte,2731
GCC2am,"glycine-cleavage complex (lipoamide), mitochondrial Astrocyte",gly[mA] + h[mA] + lpam[mA] <=> alpam[mA] + co2[mA],Astrocyte,2653
GCC2cm,"glycine-cleavage complex (lipoamide), mitochondrial Astrocyte",dhlam[mA] + nad[mA] <=> h[mA] + lpam[mA] + nadh[mA],Astrocyte,2653
GCCam,"glycine-cleavage complex (lipoylprotein), mitochondrial Astrocyte",gly[mA] + h[mA] + lpro[mA] <=> alpro[mA] + co2[mA],Astrocyte,2653
GCCcm,"glycine-cleavage complex (lipoylprotein), mitochondrial Astrocyte",dhlpro[mA] + nad[mA] <=> h[mA] + lpro[mA] + nadh[mA],Astrocyte,2653
GHMT3m,"glycine hydroxymethyltransferase, mitochondrial Astrocyte",3htmelys[mA] + h[mA] --> 4tmeabut[mA] + gly[mA],Astrocyte,6472
GLUDxm,glutamate dehydrogenase (NAD) (mitochondrial) Astrocyte,glu-L[mA] + h2o[mA] + nad[mA] <=> akg[mA] + h[mA] + nadh[mA] + nh4[mA],Astrocyte,2747
GLUDym,"glutamate dehydrogenase (NADP), mitochondrial Astrocyte",glu-L[mA] + h2o[mA] + nadp[mA] --> akg[mA] + h[mA] + nadph[mA] + nh4[mA],Astrocyte,2747
GLUDxm,glutamate dehydrogenase (NAD) (mitochondrial) Astrocyte,glu-L[mA] + h2o[mA] + nad[mA] <=> akg[mA] + h[mA] + nadh[mA] + nh4[mA],Astrocyte,2746
GLUDym,"glutamate dehydrogenase (NADP), mitochondrial Astrocyte",glu-L[mA] + h2o[mA] + nadp[mA] --> akg[mA] + h[mA] + nadph[mA] + nh4[mA],Astrocyte,2746
GLUTCOADHm,glutaryl-CoA dehydrogenase (mitochondria) Astrocyte,fad[mA] + glutcoa[mA] + h[mA] --> b2coa[mA] + co2[mA] + fadh2[mA],Astrocyte,2639
GLUTCOADHm_Neuron,glutaryl-CoA dehydrogenase (mitochondria) Neuron,fad[mN] + glutcoa[mN] + h[mN] --> b2coa[mN] + co2[mN] + fadh2[mN],Neuron,2639
GLUt2m,"L-glutamate reversible transport via proton symport, mitochondrial Astrocyte",glu-L[cA] + h[cA] <=> glu-L[mA] + h[mA],Astrocyte,10165
ASPGLUm,aspartate-glutamate mitochondrial shuttle Astrocyte,asp-L[mA] + glu-L[cA] + h[cA] --> asp-L[cA] + glu-L[mA] + h[mA],Astrocyte,10165
ASPGLUm_Neuron,aspartate-glutamate mitochondrial shuttle Neuron,asp-L[mN] + glu-L[cN] + h[cN] --> asp-L[cN] + glu-L[mN] + h[mN],Neuron,10165
GLUt2m_Neuron,"L-glutamate reversible transport via proton symport, mitochondrial Neuron",glu-L[cN] + h[cN] <=> glu-L[mN] + h[mN],Neuron,10165
GLUt2m,"L-glutamate reversible transport via proton symport, mitochondrial Astrocyte",glu-L[cA] + h[cA] <=> glu-L[mA] + h[mA],Astrocyte,8604
ASPGLUm,aspartate-glutamate mitochondrial shuttle Astrocyte,asp-L[mA] + glu-L[cA] + h[cA] --> asp-L[cA] + glu-L[mA] + h[mA],Astrocyte,8604
ASPGLUm_Neuron,aspartate-glutamate mitochondrial shuttle Neuron,asp-L[mN] + glu-L[cN] + h[cN] --> asp-L[cN] + glu-L[mN] + h[mN],Neuron,8604
GLUt2m_Neuron,"L-glutamate reversible transport via proton symport, mitochondrial Neuron",glu-L[cN] + h[cN] <=> glu-L[mN] + h[mN],Neuron,8604
GLUt2m,"L-glutamate reversible transport via proton symport, mitochondrial Astrocyte",glu-L[cA] + h[cA] <=> glu-L[mA] + h[mA],Astrocyte,83733
GLUt2m_Neuron,"L-glutamate reversible transport via proton symport, mitochondrial Neuron",glu-L[cN] + h[cN] <=> glu-L[mN] + h[mN],Neuron,83733
GLUt2m,"L-glutamate reversible transport via proton symport, mitochondrial Astrocyte",glu-L[cA] + h[cA] <=> glu-L[mA] + h[mA],Astrocyte,79751
GLUt2m_Neuron,"L-glutamate reversible transport via proton symport, mitochondrial Neuron",glu-L[cN] + h[cN] <=> glu-L[mN] + h[mN],Neuron,79751
GLYKm,glycerol kinase Astrocyte,atp[mA] + glyc[mA] --> adp[mA] + glyc3p[mA] + h[mA],Astrocyte,2710
GLYKm,glycerol kinase Astrocyte,atp[mA] + glyc[mA] --> adp[mA] + glyc3p[mA] + h[mA],Astrocyte,2712
GLYKm,glycerol kinase Astrocyte,atp[mA] + glyc[mA] --> adp[mA] + glyc3p[mA] + h[mA],Astrocyte,2713
HACD1m,3-hydroxyacyl-CoA dehydrogenase (acetoacetyl-CoA) (mitochondria) Astrocyte,aacoa[mA] + h[mA] + nadh[mA] <=> 3hbcoa[mA] + nad[mA],Astrocyte,3028
HACD9m,"3-hydroxyacyl-CoA dehydrogenase (2-Methylacetoacetyl-CoA), mitochondrial Astrocyte",3hmbcoa[mA] + nad[mA] <=> 2maacoa[mA] + h[mA] + nadh[mA],Astrocyte,3028
HACD1m,3-hydroxyacyl-CoA dehydrogenase (acetoacetyl-CoA) (mitochondria) Astrocyte,aacoa[mA] + h[mA] + nadh[mA] <=> 3hbcoa[mA] + nad[mA],Astrocyte,3033
HACD9m,"3-hydroxyacyl-CoA dehydrogenase (2-Methylacetoacetyl-CoA), mitochondrial Astrocyte",3hmbcoa[mA] + nad[mA] <=> 2maacoa[mA] + h[mA] + nadh[mA],Astrocyte,3033
HACD1m,3-hydroxyacyl-CoA dehydrogenase (acetoacetyl-CoA) (mitochondria) Astrocyte,aacoa[mA] + h[mA] + nadh[mA] <=> 3hbcoa[mA] + nad[mA],Astrocyte,3030
HACD1m,3-hydroxyacyl-CoA dehydrogenase (acetoacetyl-CoA) (mitochondria) Astrocyte,aacoa[mA] + h[mA] + nadh[mA] <=> 3hbcoa[mA] + nad[mA],Astrocyte,3032
HACD9m,"3-hydroxyacyl-CoA dehydrogenase (2-Methylacetoacetyl-CoA), mitochondrial Astrocyte",3hmbcoa[mA] + nad[mA] <=> 2maacoa[mA] + h[mA] + nadh[mA],Astrocyte,1962
HIBDm,"3-hydroxyisobutyrate dehydrogenase, mitochondrial Astrocyte",3hmp[mA] + nad[mA] <=> 2mop[mA] + h[mA] + nadh[mA],Astrocyte,11112
HMGCOASim,Hydroxymethylglutaryl CoA synthase (ir) Astrocyte,aacoa[mA] + accoa[mA] + h2o[mA] --> coa[mA] + h[mA] + hmgcoa[mA],Astrocyte,3158
LDH_Lm,L-lactate dehydrogenase Astrocyte,lac-L[mA] + nad[mA] <=> h[mA] + nadh[mA] + pyr[mA],Astrocyte,3939
LDH_Lm,L-lactate dehydrogenase Astrocyte,lac-L[mA] + nad[mA] <=> h[mA] + nadh[mA] + pyr[mA],Astrocyte,3945
LDH_Lm,L-lactate dehydrogenase Astrocyte,lac-L[mA] + nad[mA] <=> h[mA] + nadh[mA] + pyr[mA],Astrocyte,197257
MCCCrm,"methylcrotonoyl-CoA carboxylase, mitochondrial Astrocyte",3mb2coa[mA] + atp[mA] + hco3[mA] <=> 3mgcoa[mA] + adp[mA] + h[mA] + pi[mA],Astrocyte,56922
MCCCrm,"methylcrotonoyl-CoA carboxylase, mitochondrial Astrocyte",3mb2coa[mA] + atp[mA] + hco3[mA] <=> 3mgcoa[mA] + adp[mA] + h[mA] + pi[mA],Astrocyte,64087
MDHm,"malate dehydrogenase, mitochondrial Astrocyte",mal-L[mA] + nad[mA] <=> h[mA] + nadh[mA] + oaa[mA],Astrocyte,4191
SLDxm,"L-sulfolactate dehydrogenase (NAD+), mitochondrial Astrocyte",nad[mA] + sl-L[mA] <=> 3spyr[mA] + h[mA] + nadh[mA],Astrocyte,4191
MDHm_Neuron,"malate dehydrogenase, mitochondrial Neuron",mal-L[mN] + nad[mN] <=> h[mN] + nadh[mN] + oaa[mN],Neuron,4191
MDHm,"malate dehydrogenase, mitochondrial Astrocyte",mal-L[mA] + nad[mA] <=> h[mA] + nadh[mA] + oaa[mA],Astrocyte,4190
MDHm_Neuron,"malate dehydrogenase, mitochondrial Neuron",mal-L[mN] + nad[mN] <=> h[mN] + nadh[mN] + oaa[mN],Neuron,4190
MTHFCm,"methenyltetrahydrifikate cyclohydrolase, mitochondrial Astrocyte",h2o[mA] + methf[mA] <=> 10fthf[mA] + h[mA],Astrocyte,25902
NMNATm,"nicotinamide-nucleotide adenylyltransferase, mitochondrial Astrocyte",atp[mA] + h[mA] + nmn[mA] --> nad[mA] + ppi[mA],Astrocyte,349565
NNATm,"nicotinate-nucleotide adenylyltransferase, mitochondrial Astrocyte",atp[mA] + h[mA] + nicrnt[mA] --> dnad[mA] + ppi[mA],Astrocyte,349565
PETOHMm_hs,phosphatidylethanolamine N-methyltransferase Astrocyte,3.0 amet[mA] + pe_hs[mA] --> 3.0 ahcys[mA] + 3.0 h[mA] + pchol_hs[mA],Astrocyte,10400
PIt2m,"phosphate transporter, mitochondrial Astrocyte",h[cA] + pi[cA] <=> h[mA] + pi[mA],Astrocyte,5250
PIt2m_Neuron,"phosphate transporter, mitochondrial Neuron",h[cN] + pi[cN] <=> h[mN] + pi[mN],Neuron,5250
PNTKm,pantothenate kinase (mitochondrial) Astrocyte,atp[mA] + pnto-R[mA] --> 4ppan[mA] + adp[mA] + h[mA],Astrocyte,80025
PPCOACm,"Propionyl-CoA carboxylase, mitochondrial Astrocyte",atp[mA] + hco3[mA] + ppcoa[mA] --> adp[mA] + h[mA] + mmcoa-S[mA] + pi[mA],Astrocyte,5096
PPCOACm,"Propionyl-CoA carboxylase, mitochondrial Astrocyte",atp[mA] + hco3[mA] + ppcoa[mA] --> adp[mA] + h[mA] + mmcoa-S[mA] + pi[mA],Astrocyte,5095
SACCD3m,"saccharopine dehydrogenase (NADP, L-lysine forming), mitochondrial Astrocyte",akg[mA] + h[mA] + lys-L[mA] + nadph[mA] --> h2o[mA] + nadp[mA] + saccrp-L[mA],Astrocyte,10157
SACCD4m,"saccharopine dehydrogenase (NAD, L-glutamate forming), mitochondrial Astrocyte",h2o[mA] + nadp[mA] + saccrp-L[mA] --> L2aadp6sa[mA] + glu-L[mA] + h[mA] + nadph[mA],Astrocyte,10157
THD1m,NAD(P) transhydrogenase Astrocyte,h[cA] + nadh[mA] + nadp[mA] <=> h[mA] + nad[mA] + nadph[mA],Astrocyte,23530
THD1m_Neuron,NAD(P) transhydrogenase Neuron,h[cN] + nadh[mN] + nadp[mN] <=> h[mN] + nad[mN] + nadph[mN],Neuron,23530
GLUVESSEC,L-glutamate secretion via secretory vesicle (ATP driven) Astrocyte,atp[cA] + glu-L[cA] + h2o[cA] --> adp[cA] + glu-L[e] + h[cA] + pi[cA],Astrocyte,7084
TMDK1m,thymidine kinase (ATP:thymidine) Astrocyte,atp[mA] + thymd[mA] --> adp[mA] + dtmp[mA] + h[mA],Astrocyte,7084
DURIK1m,"deoxyuridine kinase (ATP:Deoxyuridine), mitochondrial Astrocyte",atp[mA] + duri[mA] --> adp[mA] + dump[mA] + h[mA],Astrocyte,7084
TRDRm,thioredoxin reductase (NADPH) Astrocyte,h[mA] + nadph[mA] + trdox[mA] --> nadp[mA] + trdrd[mA],Astrocyte,114112
TRDRm,thioredoxin reductase (NADPH) Astrocyte,h[mA] + nadph[mA] + trdox[mA] --> nadp[mA] + trdrd[mA],Astrocyte,10587
VITD2Hm,Vitamin D-25-hydroxylase (D2) Astrocyte,h[mA] + nadph[mA] + o2[mA] + vitd2[mA] --> 25hvitd2[mA] + h2o[mA] + nadp[mA],Astrocyte,1593
VITD3Hm,Vitamin D-25-hydroxylase (D3) Astrocyte,h[mA] + nadph[mA] + o2[mA] + vitd3[mA] --> 25hvitd3[mA] + h2o[mA] + nadp[mA],Astrocyte,1593
VITD2Hm_Neuron,Vitamin D-25-hydroxylase (D2) Neuron,h[mN] + nadph[mN] + o2[mN] + vitd2[mN] --> 25hvitd2[mN] + h2o[mN] + nadp[mN],Neuron,1593
VITD3Hm_Neuron,Vitamin D-25-hydroxylase (D3) Neuron,h[mN] + nadph[mN] + o2[mN] + vitd3[mN] --> 25hvitd3[mN] + h2o[mN] + nadp[mN],Neuron,1593
MTDNAdpolym,depolymerization of mtDNA for repair Astrocyte,33136.0 h2o[mA] + mtDNAn[mA] --> 9218.0 damp[mA] + 7350.0 dcmp[mA] + 7350.0 dgmp[mA] + 9218.0 dtmp[mA] + 33136.0 h[mA] + mtDNAn-1[mA],Astrocyte,5810
MTDNAdpolym,depolymerization of mtDNA for repair Astrocyte,33136.0 h2o[mA] + mtDNAn[mA] --> 9218.0 damp[mA] + 7350.0 dcmp[mA] + 7350.0 dgmp[mA] + 9218.0 dtmp[mA] + 33136.0 h[mA] + mtDNAn-1[mA],Astrocyte,5883
MTDNAdpolym,depolymerization of mtDNA for repair Astrocyte,33136.0 h2o[mA] + mtDNAn[mA] --> 9218.0 damp[mA] + 7350.0 dcmp[mA] + 7350.0 dgmp[mA] + 9218.0 dtmp[mA] + 33136.0 h[mA] + mtDNAn-1[mA],Astrocyte,11219
MTDNAdpolym,depolymerization of mtDNA for repair Astrocyte,33136.0 h2o[mA] + mtDNAn[mA] --> 9218.0 damp[mA] + 7350.0 dcmp[mA] + 7350.0 dgmp[mA] + 9218.0 dtmp[mA] + 33136.0 h[mA] + mtDNAn-1[mA],Astrocyte,11277
ALDH1L1,ALDH1L1,10fthf[mA] + h2o[mA] + nadp[mA] --> co2[mA] + h[mA] + nadph[mA] + thf[mA],Astrocyte,10840
3HBCOAHLm,"3-hydroxyisobutyryl-CoA hydrolase, mitochondrial Astrocyte",3hibutcoa[mA] + h2o[mA] --> 3hmp[mA] + coa[mA] + h[mA],Astrocyte,26275
ALDD20xm,"aldehyde dehydrogenase (indole-3-acetaldehyde, NAD), mitochondrial Astrocyte",h2o[mA] + id3acald[mA] + nad[mA] --> 2.0 h[mA] + ind3ac[mA] + nadh[mA],Astrocyte,223
FCLTm,"Ferrochelatase, mitochondrial Astrocyte",fe2[mA] + ppp9[mA] --> 2.0 h[mA] + pheme[mA],Astrocyte,223
LCADim,"lactaldehyde dehydrogenase, mitochondrial Astrocyte",h2o[mA] + lald-L[mA] + nad[mA] --> 2.0 h[mA] + lac-L[mA] + nadh[mA],Astrocyte,223
LCADi_Dm,"lactaldehyde dehydrogenase, mitochondrial Astrocyte",h2o[mA] + lald-D[mA] + nad[mA] --> 2.0 h[mA] + lac-D[mA] + nadh[mA],Astrocyte,223
ALDD20xm,"aldehyde dehydrogenase (indole-3-acetaldehyde, NAD), mitochondrial Astrocyte",h2o[mA] + id3acald[mA] + nad[mA] --> 2.0 h[mA] + ind3ac[mA] + nadh[mA],Astrocyte,224
LCADim,"lactaldehyde dehydrogenase, mitochondrial Astrocyte",h2o[mA] + lald-L[mA] + nad[mA] --> 2.0 h[mA] + lac-L[mA] + nadh[mA],Astrocyte,224
LCADi_Dm,"lactaldehyde dehydrogenase, mitochondrial Astrocyte",h2o[mA] + lald-D[mA] + nad[mA] --> 2.0 h[mA] + lac-D[mA] + nadh[mA],Astrocyte,224
ALDD20xm,"aldehyde dehydrogenase (indole-3-acetaldehyde, NAD), mitochondrial Astrocyte",h2o[mA] + id3acald[mA] + nad[mA] --> 2.0 h[mA] + ind3ac[mA] + nadh[mA],Astrocyte,501
BETALDHxm,"betaine-aldehyde dehydrogenase, mitochondrial Astrocyte",betald[mA] + h2o[mA] + nad[mA] --> glyb[mA] + 2.0 h[mA] + nadh[mA],Astrocyte,501
LCADim,"lactaldehyde dehydrogenase, mitochondrial Astrocyte",h2o[mA] + lald-L[mA] + nad[mA] --> 2.0 h[mA] + lac-L[mA] + nadh[mA],Astrocyte,501
AASAD3m,"L-aminoadipate-semialdehyde dehydrogenase (NADH), mitochondrial Astrocyte",L2aadp6sa[mA] + h2o[mA] + nad[mA] --> L2aadp[mA] + 2.0 h[mA] + nadh[mA],Astrocyte,501
LCADi_Dm,"lactaldehyde dehydrogenase, mitochondrial Astrocyte",h2o[mA] + lald-D[mA] + nad[mA] --> 2.0 h[mA] + lac-D[mA] + nadh[mA],Astrocyte,501
CYANSTm,"Cyanide sulfurtransferase, mitochondrial Astrocyte",cyan[mA] + tsul[mA] --> h[mA] + so3[mA] + tcynt[mA],Astrocyte,4357
GLYCLTDym,"Glycolate dehydrogenase (NADP), mitochondrial Astrocyte",glx[mA] + h[mA] + nadph[mA] --> glyclt[mA] + nadp[mA],Astrocyte,9380
GLYKm,glycerol kinase Astrocyte,atp[mA] + glyc[mA] --> adp[mA] + glyc3p[mA] + h[mA],Astrocyte,256356
HMGCOASim,Hydroxymethylglutaryl CoA synthase (ir) Astrocyte,aacoa[mA] + accoa[mA] + h2o[mA] --> coa[mA] + h[mA] + hmgcoa[mA],Astrocyte,3157
MTHFCm,"methenyltetrahydrifikate cyclohydrolase, mitochondrial Astrocyte",h2o[mA] + methf[mA] <=> 10fthf[mA] + h[mA],Astrocyte,10797
MTHFCm,"methenyltetrahydrifikate cyclohydrolase, mitochondrial Astrocyte",h2o[mA] + methf[mA] <=> 10fthf[mA] + h[mA],Astrocyte,441024
MTHFCm,"methenyltetrahydrifikate cyclohydrolase, mitochondrial Astrocyte",h2o[mA] + methf[mA] <=> 10fthf[mA] + h[mA],Astrocyte,4522
NMNATm,"nicotinamide-nucleotide adenylyltransferase, mitochondrial Astrocyte",atp[mA] + h[mA] + nmn[mA] --> nad[mA] + ppi[mA],Astrocyte,23057
NMNATm,"nicotinamide-nucleotide adenylyltransferase, mitochondrial Astrocyte",atp[mA] + h[mA] + nmn[mA] --> nad[mA] + ppi[mA],Astrocyte,64802
PPA2m,"inorganic triphosphatase, mitochondrial Astrocyte",h2o[mA] + pppi[mA] --> h[mA] + pi[mA] + ppi[mA],Astrocyte,27068
PPA2m,"inorganic triphosphatase, mitochondrial Astrocyte",h2o[mA] + pppi[mA] --> h[mA] + pi[mA] + ppi[mA],Astrocyte,5464
PPA2m,"inorganic triphosphatase, mitochondrial Astrocyte",h2o[mA] + pppi[mA] --> h[mA] + pi[mA] + ppi[mA],Astrocyte,64077
VITD2Hm,Vitamin D-25-hydroxylase (D2) Astrocyte,h[mA] + nadph[mA] + o2[mA] + vitd2[mA] --> 25hvitd2[mA] + h2o[mA] + nadp[mA],Astrocyte,120227
VITD3Hm,Vitamin D-25-hydroxylase (D3) Astrocyte,h[mA] + nadph[mA] + o2[mA] + vitd3[mA] --> 25hvitd3[mA] + h2o[mA] + nadp[mA],Astrocyte,120227
ASPNATm_Neuron,"aspartate N-acetyltransferase, mitochondrial Neuron",accoa[mN] + asp-L[mN] --> Nacasp[mN] + coa[mN] + h[mN],Neuron,339983
