ID,Node_type
DM_10fthf5glu,Sink/Demand Astro
DM_10fthf6glu,Sink/Demand Astro
DM_10fthf7glu,Sink/Demand Astro
DM_5thf,Sink/Demand Astro
DM_6dhf,Sink/Demand Astro
DM_6thf,Sink/Demand Astro
DM_7dhf,Sink/Demand Astro
DM_7thf,Sink/Demand Astro
DM_ahcys,Sink/Demand Astro
DM_atp(c),Sink/Demand Astro
DM_fald,Sink/Demand Astro
DM_for,Sink/Demand Astro
DM_pheme(c),Sink/Demand Astro
DM_q10(m),Sink/Demand Astro
DM_thf(c),Sink/Demand Astro
EX_3aib(e),Exchange
EX_4abut(e),Exchange
EX_ac(e),Exchange
EX_acac(e),Exchange
EX_acald(e),Exchange
EX_ala-B(e),Exchange
EX_arg-L(e),Exchange
EX_asn-L(e),Exchange
EX_bhb(e),Exchange
EX_btn(e),Exchange
EX_co2(e),Exchange
EX_crn(e),Exchange
EX_cyan(e),Exchange
EX_cys-L(e),Exchange
EX_etoh(e),Exchange
EX_fe2(e),Exchange
EX_glc(e),Exchange
EX_gln-L(e),Exchange
EX_glu-L(e),Exchange
EX_gly(e),Exchange
EX_glyc(e),Exchange
EX_h(e),Exchange
EX_h2o(e),Exchange
EX_h2o2(e),Exchange
EX_hco3(e),Exchange
EX_ile-L(e),Exchange
EX_k(e),Exchange
EX_lac-D(e),Exchange
EX_lac-L(e),Exchange
EX_leu-L(e),Exchange
EX_lys-L(e),Exchange
EX_na1(e),Exchange
EX_nh4(e),Exchange
EX_o2(e),Exchange
EX_o2s(e),Exchange
EX_orn(e),Exchange
EX_pe_hs(e),Exchange
EX_pi(e),Exchange
EX_ppa(e),Exchange
EX_pro-L(e),Exchange
EX_ps_hs(e),Exchange
EX_pyr(e),Exchange
EX_sarcs(e),Exchange
EX_ser-L(e),Exchange
EX_so4(e),Exchange
EX_tcynt(e),Exchange
EX_urea(e),Exchange
EX_val-L(e),Exchange
sink_4hpro-LT(m),Sink/Demand Astro
sink_amet,Sink/Demand Astro
sink_decdp,Sink/Demand Astro
sink_dhf(c),Sink/Demand Astro
sink_dmgly,Sink/Demand Astro
sink_tyr-L(m),Sink/Demand Astro
10FTHF5GLUtm,Astrocyte
10FTHF6GLUtm,Astrocyte
10FTHF7GLUtm,Astrocyte
10FTHFtm,Astrocyte
"1a,24,25VITD2Hm",Astrocyte
"1a,24,25VITD3Hm",Astrocyte
"1a,25VITD2Hm",Astrocyte
"1a,25VITD3Hm",Astrocyte
"24,25VITD2Hm",Astrocyte
"24,25VITD3Hm",Astrocyte
25HVITD2t,Astrocyte
25HVITD2tin,Astrocyte
25HVITD2tin_m,Astrocyte
25HVITD2tm,Astrocyte
25HVITD3t,Astrocyte
25HVITD3tin,Astrocyte
25HVITD3tin_m,Astrocyte
25HVITD3tm,Astrocyte
25VITD2Hm,Astrocyte
25VITD3Hm,Astrocyte
2AMADPTm,Astrocyte
2OXOADOXm,Astrocyte
2OXOADPTm,Astrocyte
34HPLFM,Astrocyte
3AIBTm,Astrocyte
3AIBt,Astrocyte
3AIBtm,Astrocyte
3DPHBH1,Astrocyte
3DPHBH2,Astrocyte
3HBCDm,Astrocyte
3HBCOAHLm,Astrocyte
3SALAASPm,Astrocyte
3SALATAim,Astrocyte
3SPYRSPm,Astrocyte
4ABUTtm,Astrocyte
4HBZCOAFm,Astrocyte
4HBZFm,Astrocyte
4HGLSDm,Astrocyte
5AOPtm,Astrocyte
5HOXINDACTOXm,Astrocyte
5THFtm,Astrocyte
6DHFtm,Astrocyte
6THFtm,Astrocyte
7DHFtm,Astrocyte
7THFtm,Astrocyte
AACOAT,Astrocyte
AACTOOR,Astrocyte
AACTtm,Astrocyte
AASAD3m,Astrocyte
AATAi,Astrocyte
ABTArm,Astrocyte
ABUTt2r,Astrocyte
ACACT10m,Astrocyte
ACACT1r,Astrocyte
ACACT1rm,Astrocyte
ACACt2,Astrocyte
ACACt2m,Astrocyte
ACALDt,Astrocyte
ACALDtm,Astrocyte
ACCOALm,Astrocyte
ACOAD10m,Astrocyte
ACOAD1fm,Astrocyte
ACOAD8m,Astrocyte
ACOAD9m,Astrocyte
ACONTm,Astrocyte
ACRNtm,Astrocyte
ACSm,Astrocyte
ACYP,Astrocyte
ACt2m,Astrocyte
ACt2r,Astrocyte
ADCim,Astrocyte
ADK1,Astrocyte
ADK1m,Astrocyte
ADK3m,Astrocyte
ADPRDPm,Astrocyte
AGMTm,Astrocyte
AGPRim,Astrocyte
AGTim,Astrocyte
AKGDm,Astrocyte
AKGMALtm,Astrocyte
ALASm,Astrocyte
ALCD2if,Astrocyte
ALCD2yf,Astrocyte
ALDD20xm,Astrocyte
ALDD2x,Astrocyte
ALDD2xm,Astrocyte
ALDD2y,Astrocyte
ALR,Astrocyte
AMETt2m,Astrocyte
AOBUTDsm,Astrocyte
APAT2rm,Astrocyte
APOC_LYS_BTNPm,Astrocyte
APOCFm,Astrocyte
ARGDCm,Astrocyte
ARGLYSex,Astrocyte
ARGtiDF,Astrocyte
ARGtm,Astrocyte
ASNNm,Astrocyte
ASNt4,Astrocyte
ASNtm,Astrocyte
ASPGLUm,Astrocyte
ASPTA,Astrocyte
ASPTAm,Astrocyte
ATPtm,Astrocyte
BACCLm,Astrocyte
BALAVECSEC,Astrocyte
BALAtmr,Astrocyte
BAMPPALDOXm,Astrocyte
BDHm,Astrocyte
BETALDHxm,Astrocyte
BHBt,Astrocyte
BHBtm,Astrocyte
BTNDm,Astrocyte
BTNPLm,Astrocyte
BTNt2,Astrocyte
BTNt2m,Astrocyte
BTNt4i,Astrocyte
C160CPT2,Astrocyte
C160CRNt,Astrocyte
C204CPT2,Astrocyte
C226CPT2,Astrocyte
C2M26DCOAHLm,Astrocyte
CATm,Astrocyte
CBLATm,Astrocyte
CDPDAGtm,Astrocyte
CDSm,Astrocyte
CHSTEROLt3,Astrocyte
CITRtm,Astrocyte
CITtam,Astrocyte
CITtbm,Astrocyte
CK,Astrocyte
CO2t,Astrocyte
CO2tm,Astrocyte
COQ3m,Astrocyte
COQ5m,Astrocyte
COQ6m,Astrocyte
COQ7m,Astrocyte
COUCOAFm,Astrocyte
CPPPGO,Astrocyte
CRNt,Astrocyte
CRNtim,Astrocyte
CSNAT2m,Astrocyte
CSNATm,Astrocyte
CSm,Astrocyte
CYANSTm,Astrocyte
CYANt,Astrocyte
CYANtm,Astrocyte
CYSGLUexR,Astrocyte
CYSGLYex,Astrocyte
CYSGLYexR,Astrocyte
CYSO,Astrocyte
CYSTAm,Astrocyte
CYStec,Astrocyte
CYTK1m,Astrocyte
D-LACt2,Astrocyte
D-LACtm,Astrocyte
DDPGAm,Astrocyte
DECDPtm,Astrocyte
DGNSKm,Astrocyte
DGSNt,Astrocyte
DGSNtm,Astrocyte
DHDPBMTm,Astrocyte
DHFtm,Astrocyte
DMGDHm,Astrocyte
DMGtm,Astrocyte
DPHMBDCm,Astrocyte
DURIK1m,Astrocyte
DUTPDPm,Astrocyte
ECOAH12m,Astrocyte
ECOAH1m,Astrocyte
ECOAH9m,Astrocyte
EHGLATm,Astrocyte
ETF,Astrocyte
ETFQO,Astrocyte
ETOHMO,Astrocyte
ETOHt,Astrocyte
FALDtm,Astrocyte
FCLTm,Astrocyte
FE2t,Astrocyte
FE2tm,Astrocyte
FORt2m,Astrocyte
FPGS2m,Astrocyte
FPGS3m,Astrocyte
FPGS4m,Astrocyte
FPGS5m,Astrocyte
FPGS6m,Astrocyte
FPGS7m,Astrocyte
FPGS8m,Astrocyte
FPGS9m,Astrocyte
FPGSm,Astrocyte
FTHFLm,Astrocyte
FUMSO3tm,Astrocyte
FUMSO4tm,Astrocyte
FUMTSULtm,Astrocyte
FUMm,Astrocyte
FUMtm,Astrocyte
G3PD2m,Astrocyte
G5SDym,Astrocyte
G6PDH2r,Astrocyte
GCALDDm,Astrocyte
GCC2am,Astrocyte
GCC2bim,Astrocyte
GCC2cm,Astrocyte
GCCam,Astrocyte
GCCbim,Astrocyte
GCCcm,Astrocyte
GHMT2rm,Astrocyte
GHMT3m,Astrocyte
GLACOm,Astrocyte
GLCt1r,Astrocyte
GLCt2r,Astrocyte
GLNS,Astrocyte
GLNtm,Astrocyte
GLU5Km,Astrocyte
GLUDxm,Astrocyte
GLUDym,Astrocyte
GLUNm,Astrocyte
GLUTCOADHm,Astrocyte
GLUVESSEC,Astrocyte
GLUt2m,Astrocyte
GLUt6,Astrocyte
GLYATm,Astrocyte
GLYCLTDym,Astrocyte
GLYCt,Astrocyte
GLYCtm,Astrocyte
GLYKm,Astrocyte
GLYOXm,Astrocyte
GLYt2r,Astrocyte
GLYtm,Astrocyte
GND,Astrocyte
GTHOm,Astrocyte
GTHPm,Astrocyte
H2CO3Dm,Astrocyte
H2O2t,Astrocyte
H2O2tm,Astrocyte
H2Ot,Astrocyte
H2Otm,Astrocyte
HACD1m,Astrocyte
HACD9m,Astrocyte
HBZOPT10m,Astrocyte
HCO3Em,Astrocyte
HIBDm,Astrocyte
HMBS,Astrocyte
HMGCOASim,Astrocyte
HMGLm,Astrocyte
HPROxm,Astrocyte
Ht,Astrocyte
Htm,Astrocyte
ICDHxm,Astrocyte
ICDHyrm,Astrocyte
ILETA,Astrocyte
ILETAm,Astrocyte
ILEt5m,Astrocyte
ILEtec,Astrocyte
IMACTD_m,Astrocyte
ITCOAL1m,Astrocyte
ITCOALm,Astrocyte
Kt1r,Astrocyte
L-LACt2r,Astrocyte
L-LACtm,Astrocyte
LCADi_Dm,Astrocyte
LCADim,Astrocyte
LCYSTATm,Astrocyte
LDH_L,Astrocyte
LDH_Lm,Astrocyte
LEUTA,Astrocyte
LEUTAm,Astrocyte
LEUt5m,Astrocyte
LEUtec,Astrocyte
LSOProd,Astrocyte
LYStiDF,Astrocyte
LYStm,Astrocyte
MALSO3tm,Astrocyte
MALSO4tm,Astrocyte
MALTSULtm,Astrocyte
MALtm,Astrocyte
MCCCrm,Astrocyte
MDH,Astrocyte
MDHm,Astrocyte
MECOALm,Astrocyte
MECOAS1m,Astrocyte
MGCHrm,Astrocyte
MMCDm,Astrocyte
MMEm,Astrocyte
MMMm,Astrocyte
MMSAD1m,Astrocyte
MMSAD3m,Astrocyte
MTHFCm,Astrocyte
MTHFDm,Astrocyte
NABTNOm,Astrocyte
NDPK10m,Astrocyte
NDPK1m,Astrocyte
NDPK2m,Astrocyte
NDPK3m,Astrocyte
NDPK4m,Astrocyte
NDPK5m,Astrocyte
NDPK6m,Astrocyte
NDPK7m,Astrocyte
NDPK8m,Astrocyte
NDPK9m,Astrocyte
NH4t3r,Astrocyte
NMNATm,Astrocyte
NNATm,Astrocyte
NTD1m,Astrocyte
NTD2m,Astrocyte
NTD5m,Astrocyte
NaKt,Astrocyte
O2St,Astrocyte
O2Stm,Astrocyte
O2t,Astrocyte
O2tm,Astrocyte
OCOAT1m,Astrocyte
OIVD1m,Astrocyte
OIVD2m,Astrocyte
OIVD3m,Astrocyte
ORNTArm,Astrocyte
ORNt3m,Astrocyte
ORNt4m,Astrocyte
ORNtiDF,Astrocyte
P45011A1m,Astrocyte
P5CDm,Astrocyte
PCFLOPm,Astrocyte
PCm,Astrocyte
PDHm,Astrocyte
PEFLIP,Astrocyte
PEFLIPm,Astrocyte
PETOHMm_hs,Astrocyte
PGCD,Astrocyte
PGL,Astrocyte
PHCDm,Astrocyte
PHCHGSm,Astrocyte
PHEMEtm,Astrocyte
PHETA1m,Astrocyte
PIt2m,Astrocyte
PIt7,Astrocyte
PNTKm,Astrocyte
PPA2m,Astrocyte
PPAt,Astrocyte
PPAtm,Astrocyte
PPBNGS,Astrocyte
PPCOACm,Astrocyte
PPCOAOm,Astrocyte
PPPG9tm,Astrocyte
PPPGOm,Astrocyte
PRGNLONEtm,Astrocyte
PRO1xm,Astrocyte
PROD2m,Astrocyte
PROt2r,Astrocyte
PROtm,Astrocyte
PRPNCOAHYDm,Astrocyte
PSERT,Astrocyte
PSFLIP,Astrocyte
PSFLIPm,Astrocyte
PSP_L,Astrocyte
PYLALDOXm,Astrocyte
PYRt2m,Astrocyte
PYRt2r,Astrocyte
RPE,Astrocyte
RPI,Astrocyte
SACCD3m,Astrocyte
SACCD4m,Astrocyte
SARCStex,Astrocyte
SARCStm,Astrocyte
SARDHm,Astrocyte
SERGLNexR,Astrocyte
SERGLYexR,Astrocyte
SERt4,Astrocyte
SLDxm,Astrocyte
SO4HCOtex,Astrocyte
SPODMm,Astrocyte
SSALxm,Astrocyte
SUCCt2m,Astrocyte
SUCD1m,Astrocyte
SUCOAS1m,Astrocyte
SUCOASm,Astrocyte
SULFOX,Astrocyte
T2M26DCOAHLm,Astrocyte
T4HCINNMFM,Astrocyte
TALA,Astrocyte
TCYNTt,Astrocyte
TCYNTtm,Astrocyte
THD1m,Astrocyte
THFtm,Astrocyte
TKT1,Astrocyte
TKT2,Astrocyte
TMDK1m,Astrocyte
TRDRm,Astrocyte
TYRTAm,Astrocyte
UPP3S,Astrocyte
UPPDC1,Astrocyte
VALTA,Astrocyte
VALTAm,Astrocyte
VALt5m,Astrocyte
VALtec,Astrocyte
VITD2Hm,Astrocyte
VITD2tm,Astrocyte
VITD3Hm,Astrocyte
VITD3tm,Astrocyte
VITD3tm3,Astrocyte
MTDNAploym,Astrocyte
MTDNAdpolym,Astrocyte
DAKm,Astrocyte
DTKm,Astrocyte
DCKm,Astrocyte
DGKm,Astrocyte
NDPK1,Astrocyte
GGNG,Astrocyte
GLGNS1,Astrocyte
GLBRAN,Astrocyte
GLPASE1,Astrocyte
GLDBRAN,Astrocyte
GLPASE2,Astrocyte
SERtm,Astrocyte
LacLtm,Astrocyte
UREAt,Astrocyte
UREAtm,Astrocyte
GLNtN1,Astrocyte
DM_4mptnl(m),Sink/Demand Astro
DM_prgnlone(c),Sink/Demand Astro
DM_nadph(c),Sink/Demand Astro
DM_atp(m),Sink/Demand Astro
sink_chsterol,Astrocyte
DM_1a2425thvitd3,Sink/Demand Astro
DM_1a2425thvitd2,Sink/Demand Astro
sink_vitd3,Astrocyte
sink_vitd2,Astrocyte
CKc,Astrocyte
CREATtmdiffir,Astrocyte
PCREATtmdiffir,Astrocyte
ALATA_L,Astrocyte
ALATA_Lm,Astrocyte
ALAtN1,Astrocyte
DM_pchol_hs,Sink/Demand Astro
PSDm_hs,Astrocyte
25HVITD2t_Int,Astrocyte
25HVITD2tin_Int,Astrocyte
25HVITD3t_Int,Astrocyte
25HVITD3tin_Int,Astrocyte
3AIBt_Int,Astrocyte
ABUTt2r_Int,Astrocyte
ACACt2_Int,Astrocyte
ACALDt_Int,Astrocyte
ACt2r_Int,Astrocyte
ARGLYSex_Int,Astrocyte
ARGtiDF_Int,Astrocyte
ASNt4_Int,Astrocyte
BALAVECSEC_Int,Astrocyte
BHBt_Int,Astrocyte
BTNt2_Int,Astrocyte
BTNt4i_Int,Astrocyte
CO2t_Int,Astrocyte
CRNt_Int,Astrocyte
CYANt_Int,Astrocyte
CYSGLUexR_Int,Astrocyte
CYSGLYex_Int,Astrocyte
CYStec_Int,Astrocyte
D-LACt2_Int,Astrocyte
DGSNt_Int,Astrocyte
ETOHt_Int,Astrocyte
FE2t_Int,Astrocyte
GLCt2r_Int,Astrocyte
GLUt6_Int,Astrocyte
GLYCt_Int,Astrocyte
GLYt2r_Int,Astrocyte
H2O2t_Int,Astrocyte
H2Ot_Int,Astrocyte
Ht_Int,Astrocyte
ILEtec_Int,Astrocyte
Kt1r_Int,Astrocyte
L-LACt2r_Int,Astrocyte
LEUtec_Int,Astrocyte
LYStiDF_Int,Astrocyte
NH4t3r_Int,Astrocyte
NaKt_Int,Astrocyte
O2St_Int,Astrocyte
O2t_Int,Astrocyte
ORNtiDF_Int,Astrocyte
PEFLIP_Int,Astrocyte
PIt7_Int,Astrocyte
PPAt_Int,Astrocyte
PROt2r_Int,Astrocyte
PSFLIP_Int,Astrocyte
PYRt2r_Int,Astrocyte
SARCStex_Int,Astrocyte
SERGLNexR_Int,Astrocyte
SERGLYexR_Int,Astrocyte
SERt4_Int,Astrocyte
SO4HCOtex_Int,Astrocyte
TCYNTt_Int,Astrocyte
VALtec_Int,Astrocyte
UREAt_Int,Astrocyte
GLNtN1_Int,Astrocyte
ALAtN1_Int,Astrocyte
EX_NACASPt_Int,Exchange
DM_10fthf5glu_Neuron,Sink/Demand Neuron
DM_10fthf6glu_Neuron,Sink/Demand Neuron
DM_10fthf7glu_Neuron,Sink/Demand Neuron
DM_5thf_Neuron,Sink/Demand Neuron
DM_6dhf_Neuron,Sink/Demand Neuron
DM_6thf_Neuron,Sink/Demand Neuron
DM_7dhf_Neuron,Sink/Demand Neuron
DM_7thf_Neuron,Sink/Demand Neuron
DM_ahcys_Neuron,Sink/Demand Neuron
DM_atp(c)_Neuron,Sink/Demand Neuron
DM_fald_Neuron,Sink/Demand Neuron
DM_for_Neuron,Sink/Demand Neuron
DM_pheme(c)_Neuron,Sink/Demand Neuron
DM_q10(m)_Neuron,Sink/Demand Neuron
DM_thf(c)_Neuron,Sink/Demand Neuron
EX_pe_hs(e)_Neuron,Exchange
EX_ps_hs(e)_Neuron,Exchange
sink_4hpro-LT(m)_Neuron,Sink/Demand Neuron
sink_amet_Neuron,Sink/Demand Neuron
sink_decdp_Neuron,Sink/Demand Neuron
sink_dhf(c)_Neuron,Sink/Demand Neuron
sink_dmgly_Neuron,Sink/Demand Neuron
sink_tyr-L(m)_Neuron,Sink/Demand Neuron
10FTHF5GLUtm_Neuron,Neuron
10FTHF6GLUtm_Neuron,Neuron
10FTHF7GLUtm_Neuron,Neuron
10FTHFtm_Neuron,Neuron
"1a,24,25VITD2Hm_Neuron",Neuron
"1a,24,25VITD3Hm_Neuron",Neuron
"1a,25VITD2Hm_Neuron",Neuron
"1a,25VITD3Hm_Neuron",Neuron
"24,25VITD2Hm_Neuron",Neuron
"24,25VITD3Hm_Neuron",Neuron
25HVITD2t_Neuron,Neuron
25HVITD2tin_Neuron,Neuron
25HVITD2tin_m_Neuron,Neuron
25HVITD2tm_Neuron,Neuron
25HVITD3t_Neuron,Neuron
25HVITD3tin_Neuron,Neuron
25HVITD3tin_m_Neuron,Neuron
25HVITD3tm_Neuron,Neuron
25VITD2Hm_Neuron,Neuron
25VITD3Hm_Neuron,Neuron
2AMADPTm_Neuron,Neuron
2OXOADOXm_Neuron,Neuron
2OXOADPTm_Neuron,Neuron
34HPLFM_Neuron,Neuron
3AIBTm_Neuron,Neuron
3AIBt_Neuron,Neuron
3AIBtm_Neuron,Neuron
3DPHBH1_Neuron,Neuron
3DPHBH2_Neuron,Neuron
3HBCDm_Neuron,Neuron
3HBCOAHLm_Neuron,Neuron
3SALAASPm_Neuron,Neuron
3SALATAim_Neuron,Neuron
3SPYRSPm_Neuron,Neuron
4ABUTtm_Neuron,Neuron
4HBZCOAFm_Neuron,Neuron
4HBZFm_Neuron,Neuron
4HGLSDm_Neuron,Neuron
5AOPtm_Neuron,Neuron
5HOXINDACTOXm_Neuron,Neuron
5THFtm_Neuron,Neuron
6DHFtm_Neuron,Neuron
6THFtm_Neuron,Neuron
7DHFtm_Neuron,Neuron
7THFtm_Neuron,Neuron
AACOAT_Neuron,Neuron
AACTOOR_Neuron,Neuron
AACTtm_Neuron,Neuron
AASAD3m_Neuron,Neuron
AATAi_Neuron,Neuron
ABTArm_Neuron,Neuron
ABUTt2r_Neuron,Neuron
ACACT10m_Neuron,Neuron
ACACT1r_Neuron,Neuron
ACACT1rm_Neuron,Neuron
ACACt2_Neuron,Neuron
ACACt2m_Neuron,Neuron
ACALDt_Neuron,Neuron
ACALDtm_Neuron,Neuron
ACCOALm_Neuron,Neuron
ACOAD10m_Neuron,Neuron
ACOAD1fm_Neuron,Neuron
ACOAD8m_Neuron,Neuron
ACOAD9m_Neuron,Neuron
ACONTm_Neuron,Neuron
ACRNtm_Neuron,Neuron
ACSm_Neuron,Neuron
ACYP_Neuron,Neuron
ACt2m_Neuron,Neuron
ADCim_Neuron,Neuron
ADK1_Neuron,Neuron
ADK1m_Neuron,Neuron
ADK3m_Neuron,Neuron
ADPRDPm_Neuron,Neuron
AGMTm_Neuron,Neuron
AGPRim_Neuron,Neuron
AGTim_Neuron,Neuron
AKGDm_Neuron,Neuron
AKGMALtm_Neuron,Neuron
ALASm_Neuron,Neuron
ALCD2if_Neuron,Neuron
ALCD2yf_Neuron,Neuron
ALDD20xm_Neuron,Neuron
ALDD2x_Neuron,Neuron
ALDD2xm_Neuron,Neuron
ALDD2y_Neuron,Neuron
ALR_Neuron,Neuron
AMETt2m_Neuron,Neuron
AOBUTDsm_Neuron,Neuron
APAT2rm_Neuron,Neuron
APOC_LYS_BTNPm_Neuron,Neuron
APOCFm_Neuron,Neuron
ARGDCm_Neuron,Neuron
ARGtiDF_Neuron,Neuron
ARGtm_Neuron,Neuron
ASNNm_Neuron,Neuron
ASNt4_Neuron,Neuron
ASNtm_Neuron,Neuron
ASPGLUm_Neuron,Neuron
ASPNATm_Neuron,Neuron
ASPTA_Neuron,Neuron
ASPTAm_Neuron,Neuron
ATPtm_Neuron,Neuron
BACCLm_Neuron,Neuron
BALAVECSEC_Neuron,Neuron
BALAtmr_Neuron,Neuron
BAMPPALDOXm_Neuron,Neuron
BDHm_Neuron,Neuron
BETALDHxm_Neuron,Neuron
BHBt_Neuron,Neuron
BHBtm_Neuron,Neuron
BTNDm_Neuron,Neuron
BTNPLm_Neuron,Neuron
BTNt2_Neuron,Neuron
BTNt2m_Neuron,Neuron
BTNt4i_Neuron,Neuron
C160CPT2_Neuron,Neuron
C160CRNt_Neuron,Neuron
C204CPT2_Neuron,Neuron
C226CPT2_Neuron,Neuron
C2M26DCOAHLm_Neuron,Neuron
CATm_Neuron,Neuron
CBLATm_Neuron,Neuron
CDPDAGtm_Neuron,Neuron
CDSm_Neuron,Neuron
CHSTEROLt3_Neuron,Neuron
CITRtm_Neuron,Neuron
CITtam_Neuron,Neuron
CITtbm_Neuron,Neuron
CK_Neuron,Neuron
CO2t_Neuron,Neuron
CO2tm_Neuron,Neuron
COQ5m_Neuron,Neuron
COQ6m_Neuron,Neuron
COQ7m_Neuron,Neuron
COUCOAFm_Neuron,Neuron
CPPPGO_Neuron,Neuron
CRNt_Neuron,Neuron
CRNtim_Neuron,Neuron
CSNAT2m_Neuron,Neuron
CSNATm_Neuron,Neuron
CSm_Neuron,Neuron
CYANSTm_Neuron,Neuron
CYANt_Neuron,Neuron
CYANtm_Neuron,Neuron
CYSGLUexR_Neuron,Neuron
CYSGLYexR_Neuron,Neuron
CYSO_Neuron,Neuron
CYSTAm_Neuron,Neuron
CYStec_Neuron,Neuron
CYTK1m_Neuron,Neuron
D-LACt2_Neuron,Neuron
D-LACtm_Neuron,Neuron
DDPGAm_Neuron,Neuron
DECDPtm_Neuron,Neuron
DGNSKm_Neuron,Neuron
DGSNt_Neuron,Neuron
DGSNtm_Neuron,Neuron
DHDPBMTm_Neuron,Neuron
DHFtm_Neuron,Neuron
DMGDHm_Neuron,Neuron
DMGtm_Neuron,Neuron
DPHMBDCm_Neuron,Neuron
DURIK1m_Neuron,Neuron
DUTPDPm_Neuron,Neuron
ECOAH12m_Neuron,Neuron
ECOAH1m_Neuron,Neuron
ECOAH9m_Neuron,Neuron
EHGLAT2m_Neuron,Neuron
EHGLATm_Neuron,Neuron
ETF_Neuron,Neuron
ETFQO_Neuron,Neuron
ETOHMO_Neuron,Neuron
ETOHt_Neuron,Neuron
FALDtm_Neuron,Neuron
FCLTm_Neuron,Neuron
FE2tm_Neuron,Neuron
FORt2m_Neuron,Neuron
FPGS2m_Neuron,Neuron
FPGS3m_Neuron,Neuron
FPGS4m_Neuron,Neuron
FPGS5m_Neuron,Neuron
FPGS6m_Neuron,Neuron
FPGS7m_Neuron,Neuron
FPGS8m_Neuron,Neuron
FPGS9m_Neuron,Neuron
FPGSm_Neuron,Neuron
FTHFLm_Neuron,Neuron
FUMSO3tm_Neuron,Neuron
FUMSO4tm_Neuron,Neuron
FUMTSULtm_Neuron,Neuron
FUMm_Neuron,Neuron
FUMtm_Neuron,Neuron
G3PD2m_Neuron,Neuron
G5SDym_Neuron,Neuron
G6PDH2r_Neuron,Neuron
GCALDDm_Neuron,Neuron
GCC2am_Neuron,Neuron
GCC2bim_Neuron,Neuron
GCC2cm_Neuron,Neuron
GCCam_Neuron,Neuron
GCCbim_Neuron,Neuron
GCCcm_Neuron,Neuron
GHMT2rm_Neuron,Neuron
GHMT3m_Neuron,Neuron
GLACOm_Neuron,Neuron
GLNtm_Neuron,Neuron
GLU5Km_Neuron,Neuron
GLUDxm_Neuron,Neuron
GLUDym_Neuron,Neuron
GLUNm_Neuron,Neuron
GLUTCOADHm_Neuron,Neuron
GLUVESSEC_Neuron,Neuron
GLUt2m_Neuron,Neuron
GLYATm_Neuron,Neuron
GLYCLTDym_Neuron,Neuron
GLYCt_Neuron,Neuron
GLYCtm_Neuron,Neuron
GLYKm_Neuron,Neuron
GLYOXm_Neuron,Neuron
GLYtm_Neuron,Neuron
GND_Neuron,Neuron
GTHOm_Neuron,Neuron
GTHPm_Neuron,Neuron
H2CO3Dm_Neuron,Neuron
H2O2t_Neuron,Neuron
H2O2tm_Neuron,Neuron
H2Ot_Neuron,Neuron
H2Otm_Neuron,Neuron
HACD1m_Neuron,Neuron
HACD9m_Neuron,Neuron
HBZOPT10m_Neuron,Neuron
HCO3Em_Neuron,Neuron
HIBDm_Neuron,Neuron
HMBS_Neuron,Neuron
HMGCOASim_Neuron,Neuron
HMGLm_Neuron,Neuron
HPROxm_Neuron,Neuron
Ht_Neuron,Neuron
Htm_Neuron,Neuron
ICDHxm_Neuron,Neuron
ICDHyrm_Neuron,Neuron
ILETA_Neuron,Neuron
ILETAm_Neuron,Neuron
ILEt5m_Neuron,Neuron
ILEtec_Neuron,Neuron
IMACTD_m_Neuron,Neuron
ITCOAL1m_Neuron,Neuron
ITCOALm_Neuron,Neuron
Kt1r_Neuron,Neuron
L-LACt2r_Neuron,Neuron
L-LACtm_Neuron,Neuron
LCADi_Dm_Neuron,Neuron
LCADim_Neuron,Neuron
LCYSTATm_Neuron,Neuron
LDH_L_Neuron,Neuron
LDH_Lm_Neuron,Neuron
LEUTA_Neuron,Neuron
LEUTAm_Neuron,Neuron
LEUt5m_Neuron,Neuron
LEUtec_Neuron,Neuron
LSOProd_Neuron,Neuron
LYStiDF_Neuron,Neuron
LYStm_Neuron,Neuron
MALSO3tm_Neuron,Neuron
MALSO4tm_Neuron,Neuron
MALTSULtm_Neuron,Neuron
MALtm_Neuron,Neuron
MCCCrm_Neuron,Neuron
MDH_Neuron,Neuron
MDHm_Neuron,Neuron
ME2m_Neuron,Neuron
MECOALm_Neuron,Neuron
MECOAS1m_Neuron,Neuron
MGCHrm_Neuron,Neuron
MMCDm_Neuron,Neuron
MMEm_Neuron,Neuron
MMMm_Neuron,Neuron
MMSAD1m_Neuron,Neuron
MMSAD3m_Neuron,Neuron
MTHFCm_Neuron,Neuron
MTHFDm_Neuron,Neuron
NABTNOm_Neuron,Neuron
NDPK10m_Neuron,Neuron
NDPK1m_Neuron,Neuron
NDPK2m_Neuron,Neuron
NDPK3m_Neuron,Neuron
NDPK4m_Neuron,Neuron
NDPK5m_Neuron,Neuron
NDPK6m_Neuron,Neuron
NDPK7m_Neuron,Neuron
NDPK8m_Neuron,Neuron
NDPK9m_Neuron,Neuron
NH4t3r_Neuron,Neuron
NMNATm_Neuron,Neuron
NNATm_Neuron,Neuron
NTD1m_Neuron,Neuron
NTD2m_Neuron,Neuron
NTD5m_Neuron,Neuron
NaKt_Neuron,Neuron
O2St_Neuron,Neuron
O2Stm_Neuron,Neuron
O2t_Neuron,Neuron
O2tm_Neuron,Neuron
OCOAT1m_Neuron,Neuron
OIVD1m_Neuron,Neuron
OIVD2m_Neuron,Neuron
OIVD3m_Neuron,Neuron
ORNTArm_Neuron,Neuron
ORNt3m_Neuron,Neuron
ORNt4m_Neuron,Neuron
ORNtiDF_Neuron,Neuron
P45011A1m_Neuron,Neuron
P5CDm_Neuron,Neuron
PCFLOPm_Neuron,Neuron
PDHm_Neuron,Neuron
PEFLIP_Neuron,Neuron
PEFLIPm_Neuron,Neuron
PETOHMm_hs_Neuron,Neuron
PGL_Neuron,Neuron
PHCDm_Neuron,Neuron
PHCHGSm_Neuron,Neuron
PHEMEtm_Neuron,Neuron
PHETA1m_Neuron,Neuron
PIt2m_Neuron,Neuron
PIt7_Neuron,Neuron
PNTKm_Neuron,Neuron
PPA2m_Neuron,Neuron
PPAt_Neuron,Neuron
PPAtm_Neuron,Neuron
PPBNGS_Neuron,Neuron
PPCOACm_Neuron,Neuron
PPCOAOm_Neuron,Neuron
PPPG9tm_Neuron,Neuron
PPPGOm_Neuron,Neuron
PRGNLONEtm_Neuron,Neuron
PRO1xm_Neuron,Neuron
PROD2m_Neuron,Neuron
PROt2r_Neuron,Neuron
PROtm_Neuron,Neuron
PRPNCOAHYDm_Neuron,Neuron
PSFLIP_Neuron,Neuron
PSFLIPm_Neuron,Neuron
PYLALDOXm_Neuron,Neuron
PYRt2m_Neuron,Neuron
PYRt2r_Neuron,Neuron
RPE_Neuron,Neuron
RPI_Neuron,Neuron
SACCD3m_Neuron,Neuron
SACCD4m_Neuron,Neuron
SARCStm_Neuron,Neuron
SARDHm_Neuron,Neuron
SERGLNexR_Neuron,Neuron
SERGLYexR_Neuron,Neuron
SERt4_Neuron,Neuron
SLDxm_Neuron,Neuron
SPODMm_Neuron,Neuron
SSALxm_Neuron,Neuron
SUCCt2m_Neuron,Neuron
SUCD1m_Neuron,Neuron
SUCOAS1m_Neuron,Neuron
SUCOASm_Neuron,Neuron
SULFOX_Neuron,Neuron
T2M26DCOAHLm_Neuron,Neuron
T4HCINNMFM_Neuron,Neuron
TALA_Neuron,Neuron
TCYNTt_Neuron,Neuron
TCYNTtm_Neuron,Neuron
THD1m_Neuron,Neuron
THFtm_Neuron,Neuron
TKT1_Neuron,Neuron
TKT2_Neuron,Neuron
TMDK1m_Neuron,Neuron
TRDRm_Neuron,Neuron
TYRTAm_Neuron,Neuron
UPP3S_Neuron,Neuron
UPPDC1_Neuron,Neuron
VALTA_Neuron,Neuron
VALTAm_Neuron,Neuron
VALt5m_Neuron,Neuron
VALtec_Neuron,Neuron
VITD2Hm_Neuron,Neuron
VITD2tm_Neuron,Neuron
VITD3Hm_Neuron,Neuron
VITD3tm_Neuron,Neuron
VITD3tm3_Neuron,Neuron
MTDNAploym_Neuron,Neuron
MTDNAdpolym_Neuron,Neuron
DAKm_Neuron,Neuron
DTKm_Neuron,Neuron
DCKm_Neuron,Neuron
DGKm_Neuron,Neuron
NH3tm_Neuron,Neuron
NDPK1_Neuron,Neuron
NACASPtm_Neuron,Neuron
NACASPt_Neuron,Neuron
GGNG_Neuron,Neuron
GLGNS1_Neuron,Neuron
GLBRAN_Neuron,Neuron
GLDBRAN_Neuron,Neuron
SERtm_Neuron,Neuron
UREAt_Neuron,Neuron
UREAtm_Neuron,Neuron
GLNtN1_Neuron,Neuron
DM_4mptnl(m)_Neuron,Sink/Demand Neuron
DM_prgnlone(c)_Neuron,Sink/Demand Neuron
DM_nadph(c)_Neuron,Sink/Demand Neuron
DM_atp(m)_Neuron,Sink/Demand Neuron
sink_chsterol_Neuron,Neuron
DM_1a2425thvitd3_Neuron,Sink/Demand Neuron
DM_1a2425thvitd2_Neuron,Sink/Demand Neuron
sink_vitd3_Neuron,Neuron
sink_vitd2_Neuron,Neuron
CKc_Neuron,Neuron
CREATtmdiffir_Neuron,Neuron
PCREATtmdiffir_Neuron,Neuron
ALATA_L_Neuron,Neuron
ALAtN1_Neuron,Neuron
DM_pchol_hs_Neuron,Sink/Demand Neuron
PSDm_hs_Neuron,Neuron
Kt_Neuron,Neuron
HtrnsEX_Neuron,Neuron
NaEX_Neuron,Neuron
GLCt1r_Neuron,Neuron
Fe2t_Neuron,Neuron
PEPCK_Neuron,Neuron
AA_PIt7_neuron,Neuron
AA_H2Ot_neuron,Neuron
AA2,Exchange
ALDH1L1,Astrocyte
